Name;Time;CO2Sensor;PIRSensor;Temperature;Lightstate;Airflow;Air Valve Position;Air Valve Position;Air Valve Position;
ID;00;37 - 36653;83 - 297978;5 - 40024;56 - 297997;48 - 298046;69 - 41996;69 - 151411;69 - 21822;
01-10-2014 06:00:00;41913.25;500.027;0;21.63;0;0;40;80;90;
01-10-2014 07:00:00;41913.29166666666;503.597;0;21.61;0;0;40;80;90;
01-10-2014 08:00:00;41913.33333333334;496.813;0;21.5922;0;0;40;80;90;
01-10-2014 09:00:00;41913.375;486.083;1;21.63;1;0;10;10;90;
01-10-2014 10:00:00;41913.41666666666;606.303;1;21.1071;1;62.5792;50;10;10;
01-10-2014 11:00:00;41913.45833333334;929.788;1;20.7477;1;115.966;50;10;20;
01-10-2014 12:00:00;41913.5;1080.13;1;20.8594;1;122.727;50;10;100;
01-10-2014 13:00:00;41913.54166666666;985.241;1;21.0808;1;121.585;50;90;100;
01-10-2014 14:00:00;41913.58333333334;893.932;1;20.9491;1;129.977;50;90;100;
01-10-2014 15:00:00;41913.625;791.906;1;20.85;1;122.126;50;10;100;
01-10-2014 16:00:00;41913.66666666666;773.485;1;20.51;1;121.967;90;90;90;
01-10-2014 17:00:00;41913.70833333334;557.78;1;21.5025;1;0;90;10;90;
01-10-2014 18:00:00;41913.75;545;0;22.13;0;0;90;10;90;
01-10-2014 19:00:00;41913.79166666666;521.796;0;21.99;0;0;90;10;90;
01-10-2014 20:00:00;41913.83333333334;502.208;0;21.945;0;0;90;10;90;
01-10-2014 21:00:00;41913.875;484;0;21.89;0;0;90;10;90;
01-10-2014 22:00:00;41913.91666666666;478;0;21.8711;0;0;90;10;90;
01-10-2014 23:00:00;41913.95833333334;477.581;0;21.8707;0;0;90;10;90;
02-10-2014 00:00:00;41914;477.904;0;21.7934;0;0;90;10;90;
02-10-2014 01:00:00;41914.04166666666;480.836;0;21.75;0;0;90;10;90;
02-10-2014 02:00:00;41914.08333333334;483.567;0;21.7176;0;0;90;10;90;
02-10-2014 03:00:00;41914.125;486;0;21.6994;0;0;90;10;90;
02-10-2014 04:00:00;41914.16666666666;485.644;0;21.6787;0;0;90;10;90;
02-10-2014 05:00:00;41914.20833333334;486;0;21.67;0;0;90;10;90;
02-10-2014 06:00:00;41914.25;485.12;0;21.6644;0;0;90;10;90;
02-10-2014 07:00:00;41914.29166666666;489.004;0;21.67;0;0;90;10;90;
02-10-2014 08:00:00;41914.33333333334;486.069;1;21.7117;1;0;10;10;90;
02-10-2014 09:00:00;41914.375;593.061;1;21.1908;1;65.0579;10;90;90;
02-10-2014 10:00:00;41914.41666666666;667.557;1;21.0672;1;67.4417;50;10;10;
02-10-2014 11:00:00;41914.45833333334;1009.75;1;20.7065;1;101.495;50;90;40;
02-10-2014 12:00:00;41914.5;1061.33;1;20.4051;1;109.34;50;10;50;
02-10-2014 13:00:00;41914.54166666666;995.208;1;20.3618;1;122.395;90;10;50;
02-10-2014 14:00:00;41914.58333333334;689.368;1;20.7173;1;32.0255;40;10;20;
02-10-2014 15:00:00;41914.625;875.565;1;20.612;1;115.888;50;10;90;
02-10-2014 16:00:00;41914.66666666666;798.775;1;20.0122;1;128.088;95;10;90;
02-10-2014 17:00:00;41914.70833333334;585.802;1;19.9749;1;114.97;40;10;90;
02-10-2014 18:00:00;41914.75;576.304;0;20.4665;0;84.0252;30;10;90;
02-10-2014 19:00:00;41914.79166666666;537.252;0;21.81;0;0;30;10;90;
02-10-2014 20:00:00;41914.83333333334;516.221;0;21.797;0;0;30;10;90;
02-10-2014 21:00:00;41914.875;512.17;0;21.79;0;0;30;10;90;
02-10-2014 22:00:00;41914.91666666666;514.998;0;21.75;0;0;30;10;90;
02-10-2014 23:00:00;41914.95833333334;509.385;0;21.71;0;0;30;10;90;
03-10-2014 00:00:00;41915;514.765;0;21.65;0;0;30;10;90;
03-10-2014 01:00:00;41915.04166666666;514.322;0;21.63;0;0;30;10;90;
03-10-2014 02:00:00;41915.08333333334;514.106;0;21.5867;0;0;30;10;90;
03-10-2014 03:00:00;41915.125;513.163;0;21.57;0;0;30;10;90;
03-10-2014 04:00:00;41915.16666666666;510.672;0;21.53;0;0;30;10;90;
03-10-2014 05:00:00;41915.20833333334;510.916;0;21.5284;0;0;30;10;90;
03-10-2014 06:00:00;41915.25;507.101;0;21.4935;0;0;30;10;90;
03-10-2014 07:00:00;41915.29166666666;506.107;0;21.4753;0;0;30;10;90;
03-10-2014 08:00:00;41915.33333333334;506.269;1;21.49;1;0;30;10;90;
03-10-2014 09:00:00;41915.375;520.715;1;21.57;1;0;30;10;90;
03-10-2014 10:00:00;41915.41666666666;545.58;1;21.6393;1;0;10;10;10;
03-10-2014 11:00:00;41915.45833333334;793.321;1;21.3706;1;80.9349;50;10;60;
03-10-2014 12:00:00;41915.5;828.178;1;20.7177;0;117.981;100;10;90;
03-10-2014 13:00:00;41915.54166666666;668.033;1;20.688;1;118.76;90;10;10;
03-10-2014 14:00:00;41915.58333333334;620.108;1;22.2272;1;79.6213;10;10;30;
03-10-2014 15:00:00;41915.625;765.738;1;21.7051;1;90.181;50;90;100;
03-10-2014 16:00:00;41915.66666666666;705.73;0;20.862;0;108.661;90;10;90;
03-10-2014 17:00:00;41915.70833333334;539.471;0;22.2804;0;0;90;90;90;
03-10-2014 18:00:00;41915.75;517.233;0;22.2658;0;0;90;60;90;
03-10-2014 19:00:00;41915.79166666666;490.037;0;22.0877;0;8.28002;90;60;90;
03-10-2014 20:00:00;41915.83333333334;487.805;0;22.0487;0;0;90;60;90;
03-10-2014 21:00:00;41915.875;486.603;0;21.97;0;0;90;60;90;
03-10-2014 22:00:00;41915.91666666666;483.189;0;21.9262;0;0;90;60;90;
03-10-2014 23:00:00;41915.95833333334;485.341;0;21.81;0;0;90;60;90;
04-10-2014 00:00:00;41916;484.965;0;21.7377;0;0;90;60;90;
04-10-2014 01:00:00;41916.04166666666;482.264;0;21.6992;0;0;90;60;90;
04-10-2014 02:00:00;41916.08333333334;484.754;0;21.6594;0;0;90;60;90;
04-10-2014 03:00:00;41916.125;481.675;0;21.63;0;0;90;60;90;
04-10-2014 04:00:00;41916.16666666666;479.063;0;21.59;0;0;90;60;90;
04-10-2014 05:00:00;41916.20833333334;482.789;0;21.586;0;0;90;60;90;
04-10-2014 06:00:00;41916.25;475.275;0;21.5658;0;0;90;60;90;
04-10-2014 07:00:00;41916.29166666666;477.076;0;21.5297;0;0;90;60;90;
04-10-2014 08:00:00;41916.33333333334;474;0;21.471;0;0;90;60;90;
04-10-2014 09:00:00;41916.375;473;0;21.51;0;0;90;60;90;
04-10-2014 10:00:00;41916.41666666666;467.183;0;21.63;0;0;90;60;90;
04-10-2014 11:00:00;41916.45833333334;467.8;0;21.9456;0;0;90;60;90;
04-10-2014 12:00:00;41916.5;464.59;0;22.5186;0;0;90;10;90;
04-10-2014 13:00:00;41916.54166666666;462.995;0;22.9597;0;0;90;10;90;
04-10-2014 14:00:00;41916.58333333334;454.738;0;23.0416;0;0;90;10;90;
04-10-2014 15:00:00;41916.625;456.731;0;22.8169;0;0;90;90;90;
04-10-2014 16:00:00;41916.66666666666;456.88;0;22.56;0;0;0;90;0;
04-10-2014 17:00:00;41916.70833333334;454.986;0;22.4263;0;0;0;90;0;
04-10-2014 18:00:00;41916.75;450.214;0;22.288;0;0;0;90;0;
04-10-2014 19:00:00;41916.79166666666;450.179;0;22.1705;0;0;0;90;0;
04-10-2014 20:00:00;41916.83333333334;449.671;0;22.09;0;0;0;90;0;
04-10-2014 21:00:00;41916.875;449.947;0;22.01;0;0;0;90;0;
04-10-2014 22:00:00;41916.91666666666;446.57;0;21.8266;0;0;0;90;0;
04-10-2014 23:00:00;41916.95833333334;445.602;0;21.7374;0;0;0;90;0;
05-10-2014 00:00:00;41917;443.422;0;21.67;0;0;0;90;0;
05-10-2014 01:00:00;41917.04166666666;438.638;0;21.63;0;0;0;90;0;
05-10-2014 02:00:00;41917.08333333334;439;0;21.59;0;0;0;90;0;
05-10-2014 03:00:00;41917.125;434;0;21.57;0;0;0;90;0;
05-10-2014 04:00:00;41917.16666666666;433.519;0;21.53;0;0;0;90;0;
05-10-2014 05:00:00;41917.20833333334;433.111;0;21.5123;0;0;0;90;0;
05-10-2014 06:00:00;41917.25;429.491;0;21.4706;0;0;0;90;0;
05-10-2014 07:00:00;41917.29166666666;428.33;0;21.4885;0;0;0;90;0;
05-10-2014 08:00:00;41917.33333333334;428.275;0;21.47;0;0;0;90;0;
05-10-2014 09:00:00;41917.375;425;0;21.47;0;0;0;90;0;
05-10-2014 10:00:00;41917.41666666666;426.911;0;21.5498;0;0;0;90;0;
05-10-2014 11:00:00;41917.45833333334;420.827;0;21.6812;0;0;0;90;0;
05-10-2014 12:00:00;41917.5;418;0;21.9196;0;0;0;90;0;
05-10-2014 13:00:00;41917.54166666666;417;0;22.23;0;0;0;90;0;
05-10-2014 14:00:00;41917.58333333334;413.391;0;22.6423;0;0;0;90;0;
05-10-2014 15:00:00;41917.625;411.023;0;22.7938;0;0;0;0;0;
05-10-2014 16:00:00;41917.66666666666;408.062;0;22.79;0;0;0;0;0;
05-10-2014 17:00:00;41917.70833333334;406.823;0;22.6292;0;0;0;0;0;
05-10-2014 18:00:00;41917.75;405.201;0;22.49;0;0;0;0;0;
05-10-2014 19:00:00;41917.79166666666;402.461;0;22.33;0;0;0;0;0;
05-10-2014 20:00:00;41917.83333333334;400.834;0;22.21;0;0;0;0;0;
05-10-2014 21:00:00;41917.875;399;0;22.1358;0;0;0;0;0;
05-10-2014 22:00:00;41917.91666666666;400.607;0;22.0169;0;0;0;0;0;
05-10-2014 23:00:00;41917.95833333334;394.057;0;21.9587;0;0;0;0;0;
06-10-2014 00:00:00;41918;393.243;0;21.91;0;0;0;0;0;
06-10-2014 01:00:00;41918.04166666666;394;0;21.85;0;0;0;0;0;
06-10-2014 02:00:00;41918.08333333334;390.896;0;21.79;0;0;0;0;0;
06-10-2014 03:00:00;41918.125;388.962;0;21.75;0;0;0;0;0;
06-10-2014 04:00:00;41918.16666666666;387;0;21.71;0;0;0;0;0;
06-10-2014 05:00:00;41918.20833333334;387;0;21.69;0;0;0;0;0;
06-10-2014 06:00:00;41918.25;386.64;0;21.65;0;0;0;0;0;
06-10-2014 07:00:00;41918.29166666666;384.109;1;21.69;1;0;0;0;0;
06-10-2014 08:00:00;41918.33333333334;395;1;21.73;1;0;10;0;0;
06-10-2014 09:00:00;41918.375;430.822;1;21.5914;1;40.954;40;10;0;
06-10-2014 10:00:00;41918.41666666666;662.879;1;20.9153;1;75.5122;30;90;0;
06-10-2014 11:00:00;41918.45833333334;592.386;1;20.8256;1;20.4751;10;10;0;
06-10-2014 12:00:00;41918.5;728.481;1;21.6292;1;83.2233;50;90;0;
06-10-2014 13:00:00;41918.54166666666;862.493;1;20.431;1;116.06;100;90;0;
06-10-2014 14:00:00;41918.58333333334;907.326;1;20.6833;1;117.894;100;10;0;
06-10-2014 15:00:00;41918.625;950.579;1;20.3406;1;130.488;100;10;0;
06-10-2014 16:00:00;41918.66666666666;735.133;1;20.0769;1;123.551;90;10;0;
06-10-2014 17:00:00;41918.70833333334;539.755;0;21.3835;0;0;30;10;0;
06-10-2014 18:00:00;41918.75;510.405;0;21.9407;0;0;30;10;0;
06-10-2014 19:00:00;41918.79166666666;480.533;0;21.8234;0;0;30;10;0;
06-10-2014 20:00:00;41918.83333333334;457.237;0;21.7659;0;0;30;10;0;
06-10-2014 21:00:00;41918.875;446.99;0;21.7117;0;0;30;10;0;
06-10-2014 22:00:00;41918.91666666666;439.407;0;21.6915;0;0;30;10;0;
06-10-2014 23:00:00;41918.95833333334;432.811;0;21.65;0;0;30;10;0;
07-10-2014 00:00:00;41919;435.793;0;21.5966;0;0;30;10;0;
07-10-2014 01:00:00;41919.04166666666;444;0;21.57;0;0;30;10;0;
07-10-2014 02:00:00;41919.08333333334;442.034;0;21.4407;0;0;30;10;0;
07-10-2014 03:00:00;41919.125;445.382;0;21.39;0;0;30;10;0;
07-10-2014 04:00:00;41919.16666666666;444;0;21.37;0;0;30;10;0;
07-10-2014 05:00:00;41919.20833333334;443.402;0;21.3466;0;0;30;10;0;
07-10-2014 06:00:00;41919.25;442.429;0;21.3315;0;0;30;10;0;
07-10-2014 07:00:00;41919.29166666666;444.038;0;21.2684;0;0;30;10;0;
07-10-2014 08:00:00;41919.33333333334;442.671;1;21.37;1;0;10;10;0;
07-10-2014 09:00:00;41919.375;491.995;1;21.0481;1;49.3246;50;10;0;
07-10-2014 10:00:00;41919.41666666666;805.861;1;20.4496;1;112.435;50;10;0;
07-10-2014 11:00:00;41919.45833333334;655.14;1;20.245;1;92.2236;50;10;10;
07-10-2014 12:00:00;41919.5;888.418;1;20.6921;1;101.065;95;10;10;
07-10-2014 13:00:00;41919.54166666666;567.504;1;20.827;1;102.779;70;20;10;
07-10-2014 14:00:00;41919.58333333334;628;1;21.27;1;79.4673;70;20;10;
07-10-2014 15:00:00;41919.625;627.144;1;21.1548;1;79.1701;70;90;40;
07-10-2014 16:00:00;41919.66666666666;747.386;1;21.39;1;72.6441;50;90;90;
07-10-2014 17:00:00;41919.70833333334;714.507;0;20.4753;0;89.6114;90;90;10;
07-10-2014 18:00:00;41919.75;533.815;0;21.5507;0;0;90;90;10;
07-10-2014 19:00:00;41919.79166666666;509.076;0;21.6378;0;0;90;90;10;
07-10-2014 20:00:00;41919.83333333334;488;0;21.53;0;0;90;90;10;
07-10-2014 21:00:00;41919.875;488;0;21.4216;0;0;90;90;10;
07-10-2014 22:00:00;41919.91666666666;495.851;0;21.362;0;0;90;90;10;
07-10-2014 23:00:00;41919.95833333334;493.058;0;21.2637;0;0;90;90;10;
08-10-2014 00:00:00;41920;493.753;0;21.21;0;0;90;90;10;
08-10-2014 01:00:00;41920.04166666666;489.474;0;21.17;0;0;90;90;10;
08-10-2014 02:00:00;41920.08333333334;495;0;21.1475;0;0;90;90;10;
08-10-2014 03:00:00;41920.125;493.435;0;21.1294;0;0;90;90;10;
08-10-2014 04:00:00;41920.16666666666;485.32;0;21.09;0;0;90;90;10;
08-10-2014 05:00:00;41920.20833333334;486.947;0;21.09;0;0;90;90;10;
08-10-2014 06:00:00;41920.25;484;0;21.07;0;0;90;90;10;
08-10-2014 07:00:00;41920.29166666666;483.712;0;21.0645;0;0;90;90;10;
08-10-2014 08:00:00;41920.33333333334;476.841;1;21.0773;1;0;90;90;10;
08-10-2014 09:00:00;41920.375;509.048;1;21.1062;1;0;10;90;10;
08-10-2014 10:00:00;41920.41666666666;869.353;1;20.3882;1;100.325;90;90;10;
08-10-2014 11:00:00;41920.45833333334;603.094;1;20.4113;1;22.8604;10;90;10;
08-10-2014 12:00:00;41920.5;1214.26;1;20.9459;1;113.658;50;90;10;
08-10-2014 13:00:00;41920.54166666666;872.72;1;20.393;1;110.549;95;90;20;
08-10-2014 14:00:00;41920.58333333334;1420.5;1;20.8727;1;129.43;55;90;100;
08-10-2014 15:00:00;41920.625;814;1;20.2151;1;127.114;50;90;90;
08-10-2014 16:00:00;41920.66666666666;609.618;1;20.0924;1;132.561;50;0;90;
08-10-2014 17:00:00;41920.70833333334;766.878;1;20.0656;1;129.106;40;0;90;
08-10-2014 18:00:00;41920.75;533.82;1;21.6105;1;0;40;0;90;
08-10-2014 19:00:00;41920.79166666666;501.166;0;21.7525;0;0;40;0;90;
08-10-2014 20:00:00;41920.83333333334;472.562;0;21.63;0;0;40;0;90;
08-10-2014 21:00:00;41920.875;455.178;0;21.5235;0;0;40;0;90;
08-10-2014 22:00:00;41920.91666666666;453;0;21.43;0;0;40;0;90;
08-10-2014 23:00:00;41920.95833333334;450.986;0;21.39;0;0;40;0;90;
09-10-2014 00:00:00;41921;449;0;21.37;0;0;40;0;90;
09-10-2014 01:00:00;41921.04166666666;452.548;0;21.35;0;0;40;0;90;
09-10-2014 02:00:00;41921.08333333334;454.019;0;21.33;0;0;40;0;90;
09-10-2014 03:00:00;41921.125;452.276;0;21.31;0;0;40;0;90;
09-10-2014 04:00:00;41921.16666666666;453.739;0;21.27;0;0;40;0;90;
09-10-2014 05:00:00;41921.20833333334;452.381;0;21.27;0;0;40;0;90;
09-10-2014 06:00:00;41921.25;454.518;0;21.25;0;0;40;0;90;
09-10-2014 07:00:00;41921.29166666666;453;0;21.2438;0;0;40;0;90;
09-10-2014 08:00:00;41921.33333333334;453.711;1;21.2574;1;0;10;0;90;
09-10-2014 09:00:00;41921.375;529.274;1;20.6409;1;76.4589;10;0;90;
09-10-2014 10:00:00;41921.41666666666;637.628;1;20.59;1;91.441;50;0;10;
09-10-2014 11:00:00;41921.45833333334;914.94;1;20.5631;1;102.414;95;0;30;
09-10-2014 12:00:00;41921.5;1243.31;1;20.8463;1;126.723;95;0;100;
09-10-2014 13:00:00;41921.54166666666;1393.74;1;20.8258;1;114.381;95;0;100;
09-10-2014 14:00:00;41921.58333333334;1213.27;1;21.0376;1;127.914;95;20;100;
09-10-2014 15:00:00;41921.625;719.885;1;20.6239;1;117.425;100;10;100;
09-10-2014 16:00:00;41921.66666666666;1244.19;1;20.6674;1;124.784;90;90;90;
09-10-2014 17:00:00;41921.70833333334;664.905;0;22.1381;0;0;90;90;90;
09-10-2014 18:00:00;41921.75;553.22;0;22.01;0;0;90;90;90;
09-10-2014 19:00:00;41921.79166666666;509.058;0;21.89;0;0;90;90;90;
09-10-2014 20:00:00;41921.83333333334;469.994;0;21.8086;0;0;90;90;90;
09-10-2014 21:00:00;41921.875;461.825;0;21.73;0;0;90;90;90;
09-10-2014 22:00:00;41921.91666666666;465;0;21.65;0;0;90;90;90;
09-10-2014 23:00:00;41921.95833333334;468.173;0;21.57;0;0;90;90;90;
10-10-2014 00:00:00;41922;467.919;0;21.4572;0;0;90;90;90;
10-10-2014 01:00:00;41922.04166666666;475.727;0;21.399;0;0;90;90;90;
10-10-2014 02:00:00;41922.08333333334;473.69;0;21.3787;0;0;90;90;90;
10-10-2014 03:00:00;41922.125;473.069;0;21.37;0;0;90;90;90;
10-10-2014 04:00:00;41922.16666666666;474;0;21.3552;0;0;90;90;90;
10-10-2014 05:00:00;41922.20833333334;473.095;0;21.33;0;0;90;90;90;
10-10-2014 06:00:00;41922.25;473.162;0;21.31;0;0;90;90;90;
10-10-2014 07:00:00;41922.29166666666;473.406;0;21.2689;0;0;90;90;90;
10-10-2014 08:00:00;41922.33333333334;470.453;0;21.2712;0;0;90;90;90;
10-10-2014 09:00:00;41922.375;458;1;21.23;1;0;90;90;90;
10-10-2014 10:00:00;41922.41666666666;470.267;1;21.27;1;0;10;10;90;
10-10-2014 11:00:00;41922.45833333334;736.483;1;21.3233;1;63.3273;10;10;10;
10-10-2014 12:00:00;41922.5;738.107;1;21.23;1;86.632;30;90;90;
10-10-2014 13:00:00;41922.54166666666;592.973;1;21.2638;1;47.7523;30;10;90;
10-10-2014 14:00:00;41922.58333333334;602.82;1;22.491;1;0;10;10;10;
10-10-2014 15:00:00;41922.625;668.369;1;21.5726;1;73.5991;30;90;10;
10-10-2014 16:00:00;41922.66666666666;553.124;0;22.0241;0;0;30;90;10;
10-10-2014 17:00:00;41922.70833333334;527.981;0;21.9977;0;0;30;90;10;
10-10-2014 18:00:00;41922.75;510.935;0;21.87;0;0;30;90;10;
10-10-2014 19:00:00;41922.79166666666;494.099;0;21.8311;0;0;30;90;10;
10-10-2014 20:00:00;41922.83333333334;495.831;0;21.7019;0;0;30;90;10;
10-10-2014 21:00:00;41922.875;496;0;21.59;0;0;30;90;10;
10-10-2014 22:00:00;41922.91666666666;493.66;0;21.47;0;0;30;90;10;
10-10-2014 23:00:00;41922.95833333334;498.106;0;21.4052;0;0;30;90;10;
11-10-2014 00:00:00;41923;500;0;21.33;0;0;30;90;10;
11-10-2014 01:00:00;41923.04166666666;499.278;0;21.2682;0;0;30;90;10;
11-10-2014 02:00:00;41923.08333333334;499;0;21.25;0;0;30;90;10;
11-10-2014 03:00:00;41923.125;503.879;0;21.2109;0;0;30;90;10;
11-10-2014 04:00:00;41923.16666666666;501.438;0;21.1881;0;0;30;90;10;
11-10-2014 05:00:00;41923.20833333334;499.17;0;21.1334;0;0;30;90;10;
11-10-2014 06:00:00;41923.25;495.852;0;21.1348;0;0;30;90;10;
11-10-2014 07:00:00;41923.29166666666;496.93;0;21.13;0;0;30;90;10;
11-10-2014 08:00:00;41923.33333333334;492.362;0;21.1422;0;0;30;90;10;
11-10-2014 09:00:00;41923.375;489.271;0;21.1608;0;0;30;90;10;
11-10-2014 10:00:00;41923.41666666666;489.35;0;21.17;0;0;30;90;10;
11-10-2014 11:00:00;41923.45833333334;488.492;0;21.21;0;0;30;90;10;
11-10-2014 12:00:00;41923.5;483.228;0;21.2252;0;0;30;90;10;
11-10-2014 13:00:00;41923.54166666666;478.794;0;21.19;0;0;30;90;10;
11-10-2014 14:00:00;41923.58333333334;479;0;21.1882;0;0;30;90;10;
11-10-2014 15:00:00;41923.625;476.035;0;21.19;0;0;0;0;0;
11-10-2014 16:00:00;41923.66666666666;472;0;21.3816;0;0;0;0;0;
11-10-2014 17:00:00;41923.70833333334;470;0;21.41;0;0;0;0;0;
11-10-2014 18:00:00;41923.75;469.172;0;21.4365;0;0;0;0;0;
11-10-2014 19:00:00;41923.79166666666;466;0;21.41;0;0;0;0;0;
11-10-2014 20:00:00;41923.83333333334;465.053;0;21.37;0;0;0;0;0;
11-10-2014 21:00:00;41923.875;463.281;0;21.33;0;0;0;0;0;
11-10-2014 22:00:00;41923.91666666666;460.817;0;21.25;0;0;0;0;0;
11-10-2014 23:00:00;41923.95833333334;458;0;21.2174;0;0;0;0;0;
12-10-2014 00:00:00;41924;460;0;21.1944;0;0;0;0;0;
12-10-2014 01:00:00;41924.04166666666;458.681;0;21.17;0;0;0;0;0;
12-10-2014 02:00:00;41924.08333333334;453;0;21.129;0;0;0;0;0;
12-10-2014 03:00:00;41924.125;452.188;0;21.07;0;0;0;0;0;
12-10-2014 04:00:00;41924.16666666666;449.973;0;21.0717;0;0;0;0;0;
12-10-2014 05:00:00;41924.20833333334;446.649;0;21.037;0;0;0;0;0;
12-10-2014 06:00:00;41924.25;443.258;0;21.05;0;0;0;0;0;
12-10-2014 07:00:00;41924.29166666666;441;0;21.03;0;0;0;0;0;
12-10-2014 08:00:00;41924.33333333334;442.483;0;20.99;0;0;0;0;0;
12-10-2014 09:00:00;41924.375;440.731;0;21.03;0;0;0;0;0;
12-10-2014 10:00:00;41924.41666666666;437.204;0;21.1186;0;0;0;0;0;
12-10-2014 11:00:00;41924.45833333334;435.717;0;21.418;0;0;0;0;0;
12-10-2014 12:00:00;41924.5;432.075;0;21.81;0;0;0;0;0;
12-10-2014 13:00:00;41924.54166666666;432;0;22.1512;0;0;0;0;0;
12-10-2014 14:00:00;41924.58333333334;428.209;0;22.5298;0;0;0;0;0;
12-10-2014 15:00:00;41924.625;426;0;22.63;0;0;0;0;0;
12-10-2014 16:00:00;41924.66666666666;425.126;0;22.5126;0;0;0;0;0;
12-10-2014 17:00:00;41924.70833333334;421.887;0;22.378;0;0;0;0;0;
12-10-2014 18:00:00;41924.75;418.588;0;22.2148;0;0;0;0;0;
12-10-2014 19:00:00;41924.79166666666;418.293;0;22.0363;0;0;0;0;0;
12-10-2014 20:00:00;41924.83333333334;415.079;0;21.9224;0;0;0;0;0;
12-10-2014 21:00:00;41924.875;413.54;0;21.7993;0;0;0;0;0;
12-10-2014 22:00:00;41924.91666666666;413.849;0;21.69;0;0;0;0;0;
12-10-2014 23:00:00;41924.95833333334;411.782;0;21.5228;0;0;0;0;0;
13-10-2014 00:00:00;41925;409.585;0;21.4392;0;0;0;0;0;
13-10-2014 01:00:00;41925.04166666666;408.056;0;21.3658;0;0;0;0;0;
13-10-2014 02:00:00;41925.08333333334;407.37;0;21.3053;0;0;0;0;0;
13-10-2014 03:00:00;41925.125;407.468;0;21.23;0;0;0;0;0;
13-10-2014 04:00:00;41925.16666666666;406;0;21.21;0;0;0;0;0;
13-10-2014 05:00:00;41925.20833333334;402;0;21.2269;0;0;0;0;0;
13-10-2014 06:00:00;41925.25;404;0;21.23;0;0;0;0;0;
13-10-2014 07:00:00;41925.29166666666;403.264;1;21.25;1;0;0;0;0;
13-10-2014 08:00:00;41925.33333333334;406.351;1;21.3616;1;0;10;0;0;
13-10-2014 09:00:00;41925.375;459.87;1;21.3426;1;10.4431;40;0;0;
13-10-2014 10:00:00;41925.41666666666;677.998;1;20.9547;1;60.8997;40;0;0;
13-10-2014 11:00:00;41925.45833333334;595.794;1;20.7277;1;64.4729;30;10;10;
13-10-2014 12:00:00;41925.5;654.44;1;20.7924;1;94.4518;50;90;40;
13-10-2014 13:00:00;41925.54166666666;692.539;1;19.9971;1;116.197;50;90;40;
13-10-2014 14:00:00;41925.58333333334;803.976;1;20.3846;1;122.484;50;90;40;
13-10-2014 15:00:00;41925.625;921.092;1;20.2819;1;123.283;50;90;40;
13-10-2014 16:00:00;41925.66666666666;644.367;1;19.8043;1;127.35;90;90;40;
13-10-2014 17:00:00;41925.70833333334;546.121;0;20.8388;0;0;30;90;40;
13-10-2014 18:00:00;41925.75;519.112;0;21.63;0;0;30;90;40;
13-10-2014 19:00:00;41925.79166666666;492.001;0;21.53;0;0;30;90;40;
13-10-2014 20:00:00;41925.83333333334;479.801;0;21.49;0;0;30;90;40;
13-10-2014 21:00:00;41925.875;474.223;0;21.4443;0;0;30;90;40;
13-10-2014 22:00:00;41925.91666666666;470.457;0;21.41;0;0;30;90;40;
13-10-2014 23:00:00;41925.95833333334;465;0;21.3783;0;0;30;90;40;
14-10-2014 00:00:00;41926;466.605;0;21.3236;0;0;30;90;40;
14-10-2014 01:00:00;41926.04166666666;470.317;0;21.3254;0;0;30;90;40;
14-10-2014 02:00:00;41926.08333333334;472.06;0;21.27;0;0;30;90;40;
14-10-2014 03:00:00;41926.125;471.171;0;21.23;0;0;30;90;40;
14-10-2014 04:00:00;41926.16666666666;469.782;0;21.2097;0;0;30;90;40;
14-10-2014 05:00:00;41926.20833333334;469.336;0;21.17;0;0;30;90;40;
14-10-2014 06:00:00;41926.25;466.384;0;21.1334;0;0;30;90;40;
14-10-2014 07:00:00;41926.29166666666;467.916;0;21.13;0;0;30;90;40;
14-10-2014 08:00:00;41926.33333333334;467.904;1;21.13;1;0;10;90;40;
14-10-2014 09:00:00;41926.375;494.9;1;20.7738;1;78.8618;50;90;40;
14-10-2014 10:00:00;41926.41666666666;775.213;1;20.1394;1;100.587;50;90;40;
14-10-2014 11:00:00;41926.45833333334;778.476;1;20.37;1;99.1256;50;0;40;
14-10-2014 12:00:00;41926.5;984.046;1;20.3056;1;105.489;50;0;0;
14-10-2014 13:00:00;41926.54166666666;611.093;1;20.1258;1;91.8803;90;0;10;
14-10-2014 14:00:00;41926.58333333334;567.148;1;20.7415;1;78.4897;50;0;0;
14-10-2014 15:00:00;41926.625;893.381;1;20.7133;1;96.8309;50;0;0;
14-10-2014 16:00:00;41926.66666666666;796.598;1;20.5394;1;107.522;50;0;0;
14-10-2014 17:00:00;41926.70833333334;646.497;0;20.4686;0;83.9371;90;0;0;
14-10-2014 18:00:00;41926.75;541.653;0;21.4378;0;0;90;0;0;
14-10-2014 19:00:00;41926.79166666666;513.756;0;21.404;0;0;90;0;0;
14-10-2014 20:00:00;41926.83333333334;490.884;0;21.3459;0;0;90;0;0;
14-10-2014 21:00:00;41926.875;491.365;0;21.3874;0;0;90;0;0;
14-10-2014 22:00:00;41926.91666666666;487.062;0;21.33;0;0;90;0;0;
14-10-2014 23:00:00;41926.95833333334;489.789;0;21.25;0;0;90;0;0;
15-10-2014 00:00:00;41927;489.734;0;21.19;0;0;90;0;0;
15-10-2014 01:00:00;41927.04166666666;492.876;0;21.15;0;0;90;0;0;
15-10-2014 02:00:00;41927.08333333334;491.374;0;21.1147;0;0;90;0;0;
15-10-2014 03:00:00;41927.125;492.501;0;21.09;0;0;90;0;0;
15-10-2014 04:00:00;41927.16666666666;490.354;0;21.0823;0;0;90;0;0;
15-10-2014 05:00:00;41927.20833333334;489.056;0;21.0715;0;0;90;0;0;
15-10-2014 06:00:00;41927.25;488.22;0;21.09;0;0;90;0;0;
15-10-2014 07:00:00;41927.29166666666;488.529;0;21.0429;0;0;90;0;0;
15-10-2014 08:00:00;41927.33333333334;484;1;20.97;1;0;90;0;0;
15-10-2014 09:00:00;41927.375;475.787;1;21.07;1;0;10;0;0;
15-10-2014 10:00:00;41927.41666666666;616.553;1;20.5205;1;78.1581;50;0;0;
15-10-2014 11:00:00;41927.45833333334;770.438;1;20.5499;1;117.415;50;0;10;
15-10-2014 12:00:00;41927.5;907.729;1;21.0481;1;119.796;50;0;70;
15-10-2014 13:00:00;41927.54166666666;1300.51;1;21.38;1;125.718;50;0;100;
15-10-2014 14:00:00;41927.58333333334;1284.35;1;21.05;1;130.514;95;0;100;
15-10-2014 15:00:00;41927.625;954.634;1;20.7886;1;143.574;55;10;100;
15-10-2014 16:00:00;41927.66666666666;1037.02;1;20.8565;1;125.67;55;90;90;
15-10-2014 17:00:00;41927.70833333334;768.586;1;20.2883;1;124.405;40;90;90;
15-10-2014 18:00:00;41927.75;590.321;1;20.3283;1;92.6739;40;90;90;
15-10-2014 19:00:00;41927.79166666666;597.39;1;20.53;1;100.2;30;90;90;
15-10-2014 20:00:00;41927.83333333334;495.11;0;21.5375;0;0;30;90;90;
15-10-2014 21:00:00;41927.875;490;0;21.6633;0;0;30;90;90;
15-10-2014 22:00:00;41927.91666666666;465.999;0;21.4849;0;0;30;90;90;
15-10-2014 23:00:00;41927.95833333334;455.426;0;21.4731;0;0;30;90;90;
16-10-2014 00:00:00;41928;456.043;0;21.4284;0;0;30;90;90;
16-10-2014 01:00:00;41928.04166666666;458.37;0;21.3698;0;0;30;90;90;
16-10-2014 02:00:00;41928.08333333334;460.92;0;21.31;0;0;30;90;90;
16-10-2014 03:00:00;41928.125;461.209;0;21.253;0;0;30;90;90;
16-10-2014 04:00:00;41928.16666666666;462.552;0;21.2548;0;0;30;90;90;
16-10-2014 05:00:00;41928.20833333334;462.135;0;21.21;0;0;30;90;90;
16-10-2014 06:00:00;41928.25;464.746;0;21.1979;0;0;30;90;90;
16-10-2014 07:00:00;41928.29166666666;464.136;0;21.1807;0;0;30;90;90;
16-10-2014 08:00:00;41928.33333333334;464;1;21.17;1;0;10;90;90;
16-10-2014 09:00:00;41928.375;547.933;1;20.4284;1;85.4794;10;90;90;
16-10-2014 10:00:00;41928.41666666666;713.816;1;20.83;1;56.3374;50;90;10;
16-10-2014 11:00:00;41928.45833333334;837.397;1;20.2987;1;116.247;95;90;10;
16-10-2014 12:00:00;41928.5;762.488;1;19.9681;1;114.521;95;90;10;
16-10-2014 13:00:00;41928.54166666666;778.542;1;20.0636;1;123.062;90;90;10;
16-10-2014 14:00:00;41928.58333333334;556;1;21.6326;1;0;10;10;10;
16-10-2014 15:00:00;41928.625;742.664;1;21.1541;1;94.6113;50;90;90;
16-10-2014 16:00:00;41928.66666666666;784.305;1;20.6123;1;126.244;95;90;90;
16-10-2014 17:00:00;41928.70833333334;822.643;1;20.3822;1;127.328;60;90;10;
16-10-2014 18:00:00;41928.75;747.738;1;20.165;1;98.8959;60;90;10;
16-10-2014 19:00:00;41928.79166666666;551.167;0;21.4516;0;0;100;90;10;
16-10-2014 20:00:00;41928.83333333334;513;0;21.71;0;0;100;90;10;
16-10-2014 21:00:00;41928.875;517;0;21.6577;0;0;100;90;10;
16-10-2014 22:00:00;41928.91666666666;517;0;21.59;0;0;100;90;10;
16-10-2014 23:00:00;41928.95833333334;519.181;0;21.4993;0;0;100;90;10;
17-10-2014 00:00:00;41929;517;0;21.47;0;0;100;90;10;
17-10-2014 01:00:00;41929.04166666666;518.337;0;21.4434;0;0;100;90;10;
17-10-2014 02:00:00;41929.08333333334;516.716;0;21.39;0;0;100;90;10;
17-10-2014 03:00:00;41929.125;520;0;21.368;0;0;100;90;10;
17-10-2014 04:00:00;41929.16666666666;517.545;0;21.33;0;0;100;90;10;
17-10-2014 05:00:00;41929.20833333334;517.147;0;21.3285;0;0;100;90;10;
17-10-2014 06:00:00;41929.25;514.462;0;21.2776;0;0;100;90;10;
17-10-2014 07:00:00;41929.29166666666;513.863;0;21.27;0;0;100;90;10;
17-10-2014 08:00:00;41929.33333333334;514.873;0;21.1982;0;0;100;90;10;
17-10-2014 09:00:00;41929.375;510;1;21.1799;1;0;10;90;10;
17-10-2014 10:00:00;41929.41666666666;565.758;1;20.7344;1;69.7226;10;90;10;
17-10-2014 11:00:00;41929.45833333334;767.855;1;20.7836;1;76.3281;10;90;10;
17-10-2014 12:00:00;41929.5;800.844;1;20.9834;1;86.9725;50;10;30;
17-10-2014 13:00:00;41929.54166666666;624.072;1;19.9337;1;115.259;90;90;10;
17-10-2014 14:00:00;41929.58333333334;642.479;1;20.5206;1;94.6358;30;10;0;
17-10-2014 15:00:00;41929.625;689.203;1;20.6787;1;92.8269;10;90;30;
17-10-2014 16:00:00;41929.66666666666;774.651;1;20.6178;1;99.6891;30;90;20;
17-10-2014 17:00:00;41929.70833333334;582.98;1;20.4597;1;0;30;90;0;
17-10-2014 18:00:00;41929.75;530.816;1;21.69;1;0;30;90;0;
17-10-2014 19:00:00;41929.79166666666;509;0;21.67;0;0;30;90;0;
17-10-2014 20:00:00;41929.83333333334;509;0;21.65;0;0;30;90;0;
17-10-2014 21:00:00;41929.875;509;0;21.57;0;0;30;90;0;
17-10-2014 22:00:00;41929.91666666666;509;0;21.49;0;0;30;90;0;
17-10-2014 23:00:00;41929.95833333334;509;0;21.45;0;0;30;90;0;
18-10-2014 00:00:00;41930;509;0;21.39;0;0;30;90;0;
18-10-2014 01:00:00;41930.04166666666;509;0;21.358;0;0;30;90;0;
18-10-2014 02:00:00;41930.08333333334;509;0;21.33;0;0;30;90;0;
18-10-2014 03:00:00;41930.125;509;0;21.2844;0;0;30;90;0;
18-10-2014 04:00:00;41930.16666666666;509;0;21.27;0;0;30;90;0;
18-10-2014 05:00:00;41930.20833333334;509;0;21.25;0;0;30;90;0;
18-10-2014 06:00:00;41930.25;509;0;21.2106;0;0;30;90;0;
18-10-2014 07:00:00;41930.29166666666;509;0;21.21;0;0;30;90;0;
18-10-2014 08:00:00;41930.33333333334;509;0;21.19;0;0;30;90;0;
18-10-2014 09:00:00;41930.375;509;0;21.1831;0;0;30;90;0;
18-10-2014 10:00:00;41930.41666666666;509;0;21.241;0;0;30;90;0;
18-10-2014 11:00:00;41930.45833333334;509;0;21.4678;0;0;30;90;0;
18-10-2014 12:00:00;41930.5;509;0;21.748;0;0;30;90;0;
18-10-2014 13:00:00;41930.54166666666;509;0;22.051;0;0;30;90;0;
18-10-2014 14:00:00;41930.58333333334;509;0;22.228;0;0;30;0;0;
18-10-2014 15:00:00;41930.625;509;0;22.37;0;0;30;0;0;
18-10-2014 16:00:00;41930.66666666666;509;0;22.29;0;0;0;0;0;
18-10-2014 17:00:00;41930.70833333334;509;0;22.21;0;0;0;0;0;
18-10-2014 18:00:00;41930.75;509;0;22.09;0;0;0;0;0;
18-10-2014 19:00:00;41930.79166666666;509;0;21.9828;0;0;0;0;0;
18-10-2014 20:00:00;41930.83333333334;509;0;21.8849;0;0;0;0;0;
18-10-2014 21:00:00;41930.875;509;0;21.79;0;0;0;0;0;
18-10-2014 22:00:00;41930.91666666666;509;0;21.7313;0;0;0;0;0;
18-10-2014 23:00:00;41930.95833333334;509;0;21.71;0;0;0;0;0;
19-10-2014 00:00:00;41931;509;0;21.65;0;0;0;0;0;
19-10-2014 01:00:00;41931.04166666666;509;0;21.63;0;0;0;0;0;
19-10-2014 02:00:00;41931.08333333334;509;0;21.59;0;0;0;0;0;
19-10-2014 03:00:00;41931.125;509;0;21.53;0;0;0;0;0;
19-10-2014 04:00:00;41931.16666666666;509;0;21.51;0;0;0;0;0;
19-10-2014 05:00:00;41931.20833333334;509;0;21.4855;0;0;0;0;0;
19-10-2014 06:00:00;41931.25;509;0;21.47;0;0;0;0;0;
19-10-2014 07:00:00;41931.29166666666;509;0;21.45;0;0;0;0;0;
19-10-2014 08:00:00;41931.33333333334;509;0;21.43;0;0;0;0;0;
19-10-2014 09:00:00;41931.375;509;0;21.4457;0;0;0;0;0;
19-10-2014 10:00:00;41931.41666666666;509;0;21.47;0;0;0;0;0;
19-10-2014 11:00:00;41931.45833333334;509;0;21.5782;0;0;0;0;0;
19-10-2014 12:00:00;41931.5;509;0;21.6101;0;0;0;0;0;
19-10-2014 13:00:00;41931.54166666666;509;0;21.6344;0;0;0;0;0;
19-10-2014 14:00:00;41931.58333333334;509;0;21.7146;0;0;0;0;0;
19-10-2014 15:00:00;41931.625;509;0;21.7893;0;0;0;0;0;
19-10-2014 16:00:00;41931.66666666666;509;0;21.7723;0;0;0;0;0;
19-10-2014 17:00:00;41931.70833333334;509;0;21.7545;0;0;0;0;0;
19-10-2014 18:00:00;41931.75;509;0;21.73;0;0;0;0;0;
19-10-2014 19:00:00;41931.79166666666;509;0;21.7009;0;0;0;0;0;
19-10-2014 20:00:00;41931.83333333334;509;0;21.65;0;0;0;0;0;
19-10-2014 21:00:00;41931.875;509;0;21.603;0;0;0;0;0;
19-10-2014 22:00:00;41931.91666666666;509;0;21.57;0;0;0;0;0;
19-10-2014 23:00:00;41931.95833333334;509;0;21.51;0;0;0;0;0;
20-10-2014 00:00:00;41932;509;0;21.4484;0;0;0;0;0;
20-10-2014 01:00:00;41932.04166666666;509;0;21.41;0;0;0;0;0;
20-10-2014 02:00:00;41932.08333333334;509;0;21.39;0;0;0;0;0;
20-10-2014 03:00:00;41932.125;509;0;21.366;0;0;0;0;0;
20-10-2014 04:00:00;41932.16666666666;509;0;21.35;0;0;0;0;0;
20-10-2014 05:00:00;41932.20833333334;509;0;21.3376;0;0;0;0;0;
20-10-2014 06:00:00;41932.25;509;0;21.3199;0;0;0;0;0;
20-10-2014 07:00:00;41932.29166666666;509;0;21.3064;0;0;0;0;0;
20-10-2014 08:00:00;41932.33333333334;509;1;21.2823;1;0;0;0;0;
20-10-2014 09:00:00;41932.375;509;0;21.3262;0;0;0;0;0;
20-10-2014 10:00:00;41932.41666666666;509;0;21.31;0;0;0;0;0;
20-10-2014 11:00:00;41932.45833333334;509;0;21.3487;0;0;0;0;0;
20-10-2014 12:00:00;41932.5;509;0;21.5586;0;0;0;0;0;
20-10-2014 13:00:00;41932.54166666666;509;0;21.758;0;0;0;10;0;
20-10-2014 14:00:00;41932.58333333334;509;0;21.95;0;0;0;90;0;
20-10-2014 15:00:00;41932.625;509;0;21.9006;0;0;0;90;0;
20-10-2014 16:00:00;41932.66666666666;509;0;21.8936;0;0;0;90;0;
20-10-2014 17:00:00;41932.70833333334;509;0;21.77;0;0;0;90;0;
20-10-2014 18:00:00;41932.75;509;0;21.7492;0;0;0;90;0;
20-10-2014 19:00:00;41932.79166666666;509;0;21.6847;0;0;0;90;0;
20-10-2014 20:00:00;41932.83333333334;509;0;21.6154;0;0;0;90;0;
20-10-2014 21:00:00;41932.875;509;0;21.5224;0;0;0;90;0;
20-10-2014 22:00:00;41932.91666666666;509;0;21.49;0;0;0;90;0;
20-10-2014 23:00:00;41932.95833333334;509;0;21.4382;0;0;0;90;0;
21-10-2014 00:00:00;41933;509;0;21.39;0;0;0;90;0;
21-10-2014 01:00:00;41933.04166666666;509;0;21.37;0;0;0;90;0;
21-10-2014 02:00:00;41933.08333333334;509;0;21.35;0;0;0;90;0;
21-10-2014 03:00:00;41933.125;509;0;21.3298;0;0;0;90;0;
21-10-2014 04:00:00;41933.16666666666;509;0;21.31;0;0;0;90;0;
21-10-2014 05:00:00;41933.20833333334;509;0;21.27;0;0;0;90;0;
21-10-2014 06:00:00;41933.25;509;0;21.25;0;0;0;90;0;
21-10-2014 07:00:00;41933.29166666666;509;0;21.2197;0;0;0;90;0;
21-10-2014 08:00:00;41933.33333333334;509;1;21.25;1;0;10;90;0;
21-10-2014 09:00:00;41933.375;509;1;20.9084;1;0;30;90;0;
21-10-2014 10:00:00;41933.41666666666;509;1;21.13;1;0;30;90;0;
21-10-2014 11:00:00;41933.45833333334;509;0;21.126;0;0;30;90;0;
21-10-2014 12:00:00;41933.5;509;1;21.13;1;0;30;90;0;
21-10-2014 13:00:00;41933.54166666666;509;1;21.0992;1;0;10;0;0;
21-10-2014 14:00:00;41933.58333333334;509;1;20.4961;1;76.7327;45;0;0;
21-10-2014 15:00:00;41933.625;509;1;20.7024;1;70.2106;30;0;0;
21-10-2014 16:00:00;41933.66666666666;509;1;21.41;1;0;10;0;0;
21-10-2014 17:00:00;41933.70833333334;509;1;20.2714;1;99.4468;30;0;0;
21-10-2014 18:00:00;41933.75;509;0;21.19;0;0;30;0;0;
21-10-2014 19:00:00;41933.79166666666;509;0;21.237;0;0;30;0;0;
21-10-2014 20:00:00;41933.83333333334;509;0;21.27;0;0;30;0;0;
21-10-2014 21:00:00;41933.875;509;0;21.2459;0;0;30;0;0;
21-10-2014 22:00:00;41933.91666666666;509;0;21.1473;0;0;30;0;0;
21-10-2014 23:00:00;41933.95833333334;509;0;21.0689;0;0;30;0;0;
22-10-2014 00:00:00;41934;509;0;21.05;0;0;30;0;0;
22-10-2014 01:00:00;41934.04166666666;509;0;20.9931;0;0;30;0;0;
22-10-2014 02:00:00;41934.08333333334;509;0;20.97;0;0;30;0;0;
22-10-2014 03:00:00;41934.125;509;0;20.95;0;0;30;0;0;
22-10-2014 04:00:00;41934.16666666666;509;0;20.917;0;0;30;0;0;
22-10-2014 05:00:00;41934.20833333334;509;0;20.85;0;0;30;0;0;
22-10-2014 06:00:00;41934.25;509;0;20.81;0;0;30;0;0;
22-10-2014 07:00:00;41934.29166666666;509;0;20.81;0;0;30;0;0;
22-10-2014 08:00:00;41934.33333333334;509;0;20.77;0;0;30;0;0;
22-10-2014 09:00:00;41934.375;509;0;20.7753;0;0;30;0;0;
22-10-2014 10:00:00;41934.41666666666;509;0;20.8459;0;0;30;0;0;
22-10-2014 11:00:00;41934.45833333334;509;0;20.93;0;0;30;0;0;
22-10-2014 12:00:00;41934.5;509;1;21.07;1;0;30;0;0;
22-10-2014 13:00:00;41934.54166666666;509;1;21.4202;1;0;30;0;0;
22-10-2014 14:00:00;41934.58333333334;509;0;21.6173;0;0;30;0;0;
22-10-2014 15:00:00;41934.625;509;0;21.7411;0;0;30;0;0;
22-10-2014 16:00:00;41934.66666666666;509;0;21.6605;0;0;30;0;0;
22-10-2014 17:00:00;41934.70833333334;509;0;21.57;0;0;0;0;0;
22-10-2014 18:00:00;41934.75;509;0;21.4637;0;0;0;0;0;
22-10-2014 19:00:00;41934.79166666666;509;0;21.3712;0;0;0;0;0;
22-10-2014 20:00:00;41934.83333333334;509;0;21.3507;0;0;0;0;0;
22-10-2014 21:00:00;41934.875;509;0;21.2588;0;0;0;0;0;
22-10-2014 22:00:00;41934.91666666666;509;0;21.23;0;0;0;0;0;
22-10-2014 23:00:00;41934.95833333334;509;0;21.1985;0;0;0;0;0;
23-10-2014 00:00:00;41935;509;0;21.1797;0;0;0;0;0;
23-10-2014 01:00:00;41935.04166666666;509;0;21.15;0;0;0;0;0;
23-10-2014 02:00:00;41935.08333333334;509;0;21.13;0;0;0;0;0;
23-10-2014 03:00:00;41935.125;509;0;21.09;0;0;0;0;0;
23-10-2014 04:00:00;41935.16666666666;509;0;21.0512;0;0;0;0;0;
23-10-2014 05:00:00;41935.20833333334;509;0;21.05;0;0;0;0;0;
23-10-2014 06:00:00;41935.25;509;0;21.05;0;0;0;0;0;
23-10-2014 07:00:00;41935.29166666666;509;1;21.03;1;0;0;0;0;
23-10-2014 08:00:00;41935.33333333334;509;1;20.9682;1;0;0;0;0;
23-10-2014 09:00:00;41935.375;509;1;21.0154;1;0;0;0;0;
23-10-2014 10:00:00;41935.41666666666;509;1;20.976;1;31.8186;10;0;0;
23-10-2014 11:00:00;41935.45833333334;509;1;20.855;1;76.5692;10;0;0;
23-10-2014 12:00:00;41935.5;509;1;20.8898;1;72.3621;30;0;0;
23-10-2014 13:00:00;41935.54166666666;509;1;21.4219;1;0;10;0;0;
23-10-2014 14:00:00;41935.58333333334;509;1;21.3146;1;75.1291;10;0;0;
23-10-2014 15:00:00;41935.625;509;0;20.794;0;28.4826;30;0;0;
23-10-2014 16:00:00;41935.66666666666;509;0;21.67;0;0;30;0;0;
23-10-2014 17:00:00;41935.70833333334;509;0;21.61;0;0;30;0;0;
23-10-2014 18:00:00;41935.75;509;0;21.5276;0;0;30;0;0;
23-10-2014 19:00:00;41935.79166666666;509;0;21.43;0;0;30;0;0;
23-10-2014 20:00:00;41935.83333333334;509;0;21.4378;0;0;30;0;0;
23-10-2014 21:00:00;41935.875;509;0;21.4003;0;0;30;0;0;
23-10-2014 22:00:00;41935.91666666666;509;0;21.3225;0;0;30;0;0;
23-10-2014 23:00:00;41935.95833333334;509;0;21.27;0;0;30;0;0;
24-10-2014 00:00:00;41936;509;0;21.232;0;0;30;0;0;
24-10-2014 01:00:00;41936.04166666666;509;0;21.21;0;0;30;0;0;
24-10-2014 02:00:00;41936.08333333334;509;0;21.19;0;0;30;0;0;
24-10-2014 03:00:00;41936.125;509;0;21.15;0;0;30;0;0;
24-10-2014 04:00:00;41936.16666666666;509;0;21.1169;0;0;30;0;0;
24-10-2014 05:00:00;41936.20833333334;509;0;21.11;0;0;30;0;0;
24-10-2014 06:00:00;41936.25;509;0;21.09;0;0;30;0;0;
24-10-2014 07:00:00;41936.29166666666;509;0;21.0438;0;0;30;0;0;
24-10-2014 08:00:00;41936.33333333334;509;0;20.9661;0;0;30;0;0;
24-10-2014 09:00:00;41936.375;509;1;20.97;1;0;30;0;0;
24-10-2014 10:00:00;41936.41666666666;509;1;21.05;1;0;30;0;0;
24-10-2014 11:00:00;41936.45833333334;509;0;21.05;0;0;30;0;0;
24-10-2014 12:00:00;41936.5;509;0;21.03;0;0;30;0;0;
24-10-2014 13:00:00;41936.54166666666;509;0;21.03;0;0;30;0;0;
24-10-2014 14:00:00;41936.58333333334;509;1;21.0187;1;0;0;0;0;
24-10-2014 15:00:00;41936.625;509;1;21.15;1;0;0;0;0;
24-10-2014 16:00:00;41936.66666666666;509;0;21.13;0;0;0;0;0;
24-10-2014 17:00:00;41936.70833333334;509;0;21.11;0;0;0;0;0;
24-10-2014 18:00:00;41936.75;509;0;21.09;0;0;0;0;0;
24-10-2014 19:00:00;41936.79166666666;509;0;21.11;0;0;0;0;0;
24-10-2014 20:00:00;41936.83333333334;509;0;21.13;0;0;0;0;0;
24-10-2014 21:00:00;41936.875;509;0;21.09;0;0;0;0;0;
24-10-2014 22:00:00;41936.91666666666;509;0;21.05;0;0;0;0;0;
24-10-2014 23:00:00;41936.95833333334;509;0;20.9771;0;0;0;0;0;
25-10-2014 00:00:00;41937;509;0;20.97;0;0;0;0;0;
25-10-2014 01:00:00;41937.04166666666;509;0;20.97;0;0;0;0;0;
25-10-2014 02:00:00;41937.08333333334;509;0;20.97;0;0;0;0;0;
25-10-2014 03:00:00;41937.125;509;0;20.9884;0;0;0;0;0;
25-10-2014 04:00:00;41937.16666666666;509;0;20.97;0;0;0;0;0;
25-10-2014 05:00:00;41937.20833333334;509;0;20.99;0;0;0;0;0;
25-10-2014 06:00:00;41937.25;509;0;20.97;0;0;0;0;0;
25-10-2014 07:00:00;41937.29166666666;509;0;20.99;0;0;0;0;0;
25-10-2014 08:00:00;41937.33333333334;509;0;20.99;0;0;0;0;0;
25-10-2014 09:00:00;41937.375;509;0;21.0003;0;0;0;0;0;
25-10-2014 10:00:00;41937.41666666666;509;0;21.05;0;0;0;0;0;
25-10-2014 11:00:00;41937.45833333334;509;0;21.11;0;0;0;0;0;
25-10-2014 12:00:00;41937.5;509;0;21.15;0;0;0;0;0;
25-10-2014 13:00:00;41937.54166666666;509;0;21.21;0;0;0;0;0;
25-10-2014 14:00:00;41937.58333333334;509;0;21.2147;0;0;0;0;0;
25-10-2014 15:00:00;41937.625;509;0;21.21;0;0;0;0;0;
25-10-2014 16:00:00;41937.66666666666;509;0;21.2297;0;0;0;0;0;
25-10-2014 17:00:00;41937.70833333334;509;0;21.23;0;0;0;0;0;
25-10-2014 18:00:00;41937.75;509;0;21.19;0;0;0;0;0;
25-10-2014 19:00:00;41937.79166666666;509;0;21.15;0;0;0;0;0;
25-10-2014 20:00:00;41937.83333333334;509;0;21.11;0;0;0;0;0;
25-10-2014 21:00:00;41937.875;509;0;21.074;0;0;0;0;0;
25-10-2014 22:00:00;41937.91666666666;509;0;21.0314;0;0;0;0;0;
25-10-2014 23:00:00;41937.95833333334;509;0;21.03;0;0;0;0;0;
26-10-2014 00:00:00;41938;509;0;20.97;0;0;0;0;0;
26-10-2014 01:00:00;41938.04166666666;509;0;20.97;0;0;0;0;0;
26-10-2014 02:00:00;41938.08333333334;509;0;20.9517;0;0;0;0;0;
26-10-2014 02:00:00;41938.08333333334;509;0;20.9517;0;0;0;0;0;
26-10-2014 03:00:00;41938.125;509;0;20.9342;0;0;0;0;0;
26-10-2014 04:00:00;41938.16666666666;509;0;20.8964;0;0;0;0;0;
26-10-2014 05:00:00;41938.20833333334;509;0;20.87;0;0;0;0;0;
26-10-2014 06:00:00;41938.25;509;0;20.87;0;0;0;0;0;
26-10-2014 07:00:00;41938.29166666666;509;0;20.8757;0;0;0;0;0;
26-10-2014 08:00:00;41938.33333333334;509;0;20.81;0;0;0;0;0;
26-10-2014 09:00:00;41938.375;509;1;20.83;1;0;0;0;0;
26-10-2014 10:00:00;41938.41666666666;509;1;20.97;1;0;0;0;0;
26-10-2014 11:00:00;41938.45833333334;509;1;21.0944;1;0;0;0;0;
26-10-2014 12:00:00;41938.5;509;1;21.21;1;0;0;0;0;
26-10-2014 13:00:00;41938.54166666666;509;1;21.4409;1;0;0;0;0;
26-10-2014 14:00:00;41938.58333333334;509;1;21.63;1;0;0;0;0;
26-10-2014 15:00:00;41938.625;509;1;21.6941;1;0;0;0;0;
26-10-2014 16:00:00;41938.66666666666;509;1;21.73;1;0;0;0;0;
26-10-2014 17:00:00;41938.70833333334;509;0;21.71;0;0;0;0;0;
26-10-2014 18:00:00;41938.75;509;0;21.5619;0;0;0;0;0;
26-10-2014 19:00:00;41938.79166666666;509;0;21.4826;0;0;0;0;0;
26-10-2014 20:00:00;41938.83333333334;509;0;21.39;0;0;0;0;0;
26-10-2014 21:00:00;41938.875;509;0;21.33;0;0;0;0;0;
26-10-2014 22:00:00;41938.91666666666;509;0;21.2496;0;0;0;0;0;
26-10-2014 23:00:00;41938.95833333334;509;0;21.21;0;0;0;0;0;
27-10-2014 00:00:00;41939;509;0;21.1755;0;0;0;0;0;
27-10-2014 01:00:00;41939.04166666666;509;0;21.15;0;0;0;0;0;
27-10-2014 02:00:00;41939.08333333334;509;0;21.1202;0;0;0;0;0;
27-10-2014 03:00:00;41939.125;509;0;21.1034;0;0;0;0;0;
27-10-2014 04:00:00;41939.16666666666;509;0;21.0745;0;0;0;0;0;
27-10-2014 05:00:00;41939.20833333334;509;0;21.05;0;0;0;0;0;
27-10-2014 06:00:00;41939.25;509;0;21.0499;0;0;0;0;0;
27-10-2014 07:00:00;41939.29166666666;509;1;21.0326;1;0;0;0;0;
27-10-2014 08:00:00;41939.33333333334;509;1;20.99;1;0;10;0;0;
27-10-2014 09:00:00;41939.375;509;1;20.7427;1;81.6943;30;0;0;
27-10-2014 10:00:00;41939.41666666666;509;1;20.6432;1;80.5808;30;0;0;
27-10-2014 11:00:00;41939.45833333334;509;1;20.6607;1;4.5499;10;0;0;
27-10-2014 12:00:00;41939.5;509;1;21.49;1;79.989;30;0;10;
27-10-2014 13:00:00;41939.54166666666;509;1;21.5748;1;76.1461;30;0;100;
27-10-2014 14:00:00;41939.58333333334;509;1;20.6816;1;99.8656;30;0;90;
27-10-2014 15:00:00;41939.625;509;1;20.9606;1;89.0837;10;0;50;
27-10-2014 16:00:00;41939.66666666666;509;1;20.5442;1;87.6778;30;0;40;
27-10-2014 17:00:00;41939.70833333334;509;1;20.2771;1;99.0636;30;0;40;
27-10-2014 18:00:00;41939.75;509;0;21.65;0;0;30;0;40;
27-10-2014 19:00:00;41939.79166666666;509;0;21.65;0;0;30;0;40;
27-10-2014 20:00:00;41939.83333333334;509;0;21.61;0;0.946474;30;0;40;
27-10-2014 21:00:00;41939.875;509;0;21.5718;0;10.9875;30;0;40;
27-10-2014 22:00:00;41939.91666666666;509;0;21.53;0;0;30;0;40;
27-10-2014 23:00:00;41939.95833333334;509;0;21.4446;0;0;30;0;40;
28-10-2014 00:00:00;41940;509;0;21.4426;0;0;30;0;40;
28-10-2014 01:00:00;41940.04166666666;509;0;21.4214;0;0;0;0;0;
28-10-2014 02:00:00;41940.08333333334;509;0;21.35;0;0;0;0;0;
28-10-2014 03:00:00;41940.125;509;0;21.31;0;0;0;0;0;
28-10-2014 04:00:00;41940.16666666666;509;0;21.3034;0;0;0;0;0;
28-10-2014 05:00:00;41940.20833333334;509;0;21.2523;0;0;0;0;0;
28-10-2014 06:00:00;41940.25;509;0;21.2491;0;0;0;0;0;
28-10-2014 07:00:00;41940.29166666666;509;0;21.1911;0;0;0;0;0;
28-10-2014 08:00:00;41940.33333333334;509;1;21.1934;1;0;0;0;0;
28-10-2014 09:00:00;41940.375;509;1;21.2154;1;0;10;0;0;
28-10-2014 10:00:00;41940.41666666666;509;1;20.4646;1;76.8774;30;0;0;
28-10-2014 11:00:00;41940.45833333334;509;1;20.5607;1;88.898;40;10;0;
28-10-2014 12:00:00;41940.5;509;1;21.27;1;93.04;30;90;0;
28-10-2014 13:00:00;41940.54166666666;509;1;21.4363;1;0;10;10;0;
28-10-2014 14:00:00;41940.58333333334;509;1;20.7289;1;93.2143;90;90;0;
28-10-2014 15:00:00;41940.625;509;1;20.407;1;98.811;30;90;0;
28-10-2014 16:00:00;41940.66666666666;509;1;20.4427;1;57.1027;10;90;0;
28-10-2014 17:00:00;41940.70833333334;509;1;20.2735;1;101.582;30;90;0;
28-10-2014 18:00:00;41940.75;509;1;21.34;1;0;30;90;0;
28-10-2014 19:00:00;41940.79166666666;509;0;21.37;0;0;30;90;0;
28-10-2014 20:00:00;41940.83333333334;509;0;21.2497;0;0;30;90;0;
28-10-2014 21:00:00;41940.875;509;0;21.1416;0;0;30;90;0;
28-10-2014 22:00:00;41940.91666666666;509;0;21.15;0;0;30;90;0;
28-10-2014 23:00:00;41940.95833333334;509;0;21.0947;0;0;30;90;0;
29-10-2014 00:00:00;41941;509;0;21.07;0;0;30;90;0;
29-10-2014 01:00:00;41941.04166666666;509;0;21.03;0;0;30;90;0;
29-10-2014 02:00:00;41941.08333333334;509;0;21.0115;0;0;30;90;0;
29-10-2014 03:00:00;41941.125;509;0;20.9609;0;0;30;90;0;
29-10-2014 04:00:00;41941.16666666666;509;0;20.95;0;0;30;90;0;
29-10-2014 05:00:00;41941.20833333334;509;0;20.9351;0;0;30;90;0;
29-10-2014 06:00:00;41941.25;509;0;20.93;0;0;30;90;0;
29-10-2014 07:00:00;41941.29166666666;509;1;20.9117;1;0;30;90;0;
29-10-2014 08:00:00;41941.33333333334;509;1;20.85;1;0;10;90;0;
29-10-2014 09:00:00;41941.375;509;1;20.397;1;69.0982;40;90;0;
29-10-2014 10:00:00;41941.41666666666;509;1;20.3393;1;78.7889;40;90;0;
29-10-2014 11:00:00;41941.45833333334;509;1;20.7988;1;69.3299;30;90;0;
29-10-2014 12:00:00;41941.5;509;1;20.4476;1;78.0556;30;90;0;
29-10-2014 13:00:00;41941.54166666666;509;1;20.6115;1;77.7677;50;0;0;
29-10-2014 14:00:00;41941.58333333334;509;1;20.6025;1;75.9186;50;0;10;
29-10-2014 15:00:00;41941.625;509;1;20.6359;1;86.447;50;0;40;
29-10-2014 16:00:00;41941.66666666666;509;1;20.9871;1;72.5441;90;0;70;
29-10-2014 17:00:00;41941.70833333334;509;1;20.8511;1;72.2375;30;0;70;
29-10-2014 18:00:00;41941.75;509;0;20.9878;0;2.18498;30;0;70;
29-10-2014 19:00:00;41941.79166666666;509;0;21.4148;0;0;30;0;70;
29-10-2014 20:00:00;41941.83333333334;509;0;21.3769;0;0;30;0;70;
29-10-2014 21:00:00;41941.875;509;0;21.3205;0;0;30;0;70;
29-10-2014 22:00:00;41941.91666666666;509;0;21.2216;0;0;30;0;70;
29-10-2014 23:00:00;41941.95833333334;509;0;21.19;0;0;30;0;70;
30-10-2014 00:00:00;41942;509;0;21.2188;0;0;30;0;70;
30-10-2014 01:00:00;41942.04166666666;509;0;21.23;0;0;30;0;70;
30-10-2014 02:00:00;41942.08333333334;509;0;21.19;0;0;30;0;70;
30-10-2014 03:00:00;41942.125;509;0;21.17;0;0;30;0;70;
30-10-2014 04:00:00;41942.16666666666;509;0;21.1367;0;0;30;0;70;
30-10-2014 05:00:00;41942.20833333334;509;0;21.13;0;0;30;0;70;
30-10-2014 06:00:00;41942.25;509;0;21.11;0;0;30;0;70;
30-10-2014 07:00:00;41942.29166666666;509;0;21.11;0;0;30;0;70;
30-10-2014 08:00:00;41942.33333333334;509;1;21.0658;1;0;10;0;70;
30-10-2014 09:00:00;41942.375;509;1;20.23;1;97.9645;40;0;70;
30-10-2014 10:00:00;41942.41666666666;509;1;20.3077;1;85.6737;50;0;70;
30-10-2014 11:00:00;41942.45833333334;509;1;20.4151;1;104.313;50;0;70;
30-10-2014 12:00:00;41942.5;509;1;20.6247;1;94.9818;50;0;70;
30-10-2014 13:00:00;41942.54166666666;509;1;20.5853;1;104.349;90;0;70;
30-10-2014 14:00:00;41942.58333333334;509;1;21.3353;1;44.2222;10;0;10;
30-10-2014 15:00:00;41942.625;509;1;20.8737;1;73.2832;30;0;60;
30-10-2014 16:00:00;41942.66666666666;509;1;21.6149;1;0;10;10;50;
30-10-2014 17:00:00;41942.70833333334;509;1;21.0686;1;0;10;90;50;
30-10-2014 18:00:00;41942.75;509;0;20.203;0;89.042;30;90;50;
30-10-2014 19:00:00;41942.79166666666;509;0;21.33;0;0;30;90;50;
30-10-2014 20:00:00;41942.83333333334;509;0;21.35;0;0;30;90;50;
30-10-2014 21:00:00;41942.875;509;0;21.39;0;0;30;90;50;
30-10-2014 22:00:00;41942.91666666666;509;0;21.35;0;0;30;90;50;
30-10-2014 23:00:00;41942.95833333334;509;0;21.27;0;0;30;90;50;
31-10-2014 00:00:00;41943;509;0;21.2583;0;0;30;90;50;
31-10-2014 01:00:00;41943.04166666666;509;0;21.1998;0;0;30;90;50;
31-10-2014 02:00:00;41943.08333333334;509;0;21.17;0;0;30;90;50;
31-10-2014 03:00:00;41943.125;509;0;21.15;0;0;30;90;50;
31-10-2014 04:00:00;41943.16666666666;509;0;21.13;0;0;30;90;50;
31-10-2014 05:00:00;41943.20833333334;509;0;21.1116;0;0;30;90;50;
31-10-2014 06:00:00;41943.25;509;0;21.11;0;0;30;90;50;
31-10-2014 07:00:00;41943.29166666666;509;1;21.09;1;0;30;90;50;
31-10-2014 08:00:00;41943.33333333334;509;1;21.1034;1;0;30;90;50;
31-10-2014 09:00:00;41943.375;509;1;21.13;1;0;10;90;50;
31-10-2014 10:00:00;41943.41666666666;509;1;20.65;1;73.2932;10;90;10;
31-10-2014 11:00:00;41943.45833333334;509;1;21.2271;1;72.6503;10;90;10;
31-10-2014 12:00:00;41943.5;509;1;21.1718;1;70.4328;10;90;10;
31-10-2014 13:00:00;41943.54166666666;509;1;20.7808;1;76.533;50;90;60;
31-10-2014 14:00:00;41943.58333333334;509;1;21.1641;1;85.3394;50;90;100;
31-10-2014 15:00:00;41943.625;509;0;20.6295;0;95.4925;30;90;90;
31-10-2014 16:00:00;41943.66666666666;509;0;21.75;0;0;30;0;90;
31-10-2014 17:00:00;41943.70833333334;509;0;21.6743;0;0;30;0;90;
31-10-2014 18:00:00;41943.75;509;0;21.5765;0;0;30;0;90;
31-10-2014 19:00:00;41943.79166666666;509;0;21.51;0;11.612;30;0;90;
31-10-2014 20:00:00;41943.83333333334;509;0;21.4789;0;0;30;0;90;
31-10-2014 21:00:00;41943.875;509;0;21.4167;0;0;30;0;90;
31-10-2014 22:00:00;41943.91666666666;509;0;21.39;0;0;30;0;90;
31-10-2014 23:00:00;41943.95833333334;509;0;21.35;0;0;30;0;90;
01-11-2014 00:00:00;41944;509;0;21.33;0;0;30;0;90;
01-11-2014 01:00:00;41944.04166666666;509;0;21.31;0;0;30;0;90;
01-11-2014 02:00:00;41944.08333333334;509;0;21.2593;0;0;30;0;90;
01-11-2014 03:00:00;41944.125;509;0;21.1981;0;0;30;0;90;
01-11-2014 04:00:00;41944.16666666666;509;0;21.1753;0;0;30;0;90;
01-11-2014 05:00:00;41944.20833333334;509;0;21.15;0;0;30;0;90;
01-11-2014 06:00:00;41944.25;509;0;21.128;0;0;30;0;90;
01-11-2014 07:00:00;41944.29166666666;509;0;21.0906;0;0;30;0;90;
01-11-2014 08:00:00;41944.33333333334;509;1;21.0204;1;0;30;0;90;
01-11-2014 09:00:00;41944.375;509;1;21.0849;1;0;10;0;90;
01-11-2014 10:00:00;41944.41666666666;509;1;20.5623;1;67.9663;10;0;90;
01-11-2014 11:00:00;41944.45833333334;509;1;20.7614;1;68.698;30;10;90;
01-11-2014 12:00:00;41944.5;509;1;21.87;1;0;30;10;90;
01-11-2014 13:00:00;41944.54166666666;509;1;22.0536;1;0;30;90;90;
01-11-2014 14:00:00;41944.58333333334;509;1;22.01;1;0;10;10;10;
01-11-2014 15:00:00;41944.625;509;0;21.1461;0;32.6166;30;90;30;
01-11-2014 16:00:00;41944.66666666666;509;0;21.513;0;0;30;90;30;
01-11-2014 17:00:00;41944.70833333334;509;0;21.51;0;0;30;90;30;
01-11-2014 18:00:00;41944.75;509;0;21.4572;0;0;30;90;30;
01-11-2014 19:00:00;41944.79166666666;509;0;21.36;0;0;30;90;30;
01-11-2014 20:00:00;41944.83333333334;509;0;21.33;0;0;30;90;30;
01-11-2014 21:00:00;41944.875;509;0;21.27;0;0;30;90;30;
01-11-2014 22:00:00;41944.91666666666;509;0;21.1927;0;0;30;90;30;
01-11-2014 23:00:00;41944.95833333334;509;0;21.13;0;0;30;90;30;
02-11-2014 00:00:00;41945;509;0;21.11;0;0;30;90;30;
02-11-2014 01:00:00;41945.04166666666;509;0;21.105;0;0;30;90;30;
02-11-2014 02:00:00;41945.08333333334;509;0;21.0601;0;0;30;90;30;
02-11-2014 03:00:00;41945.125;509;0;21.0619;0;0;30;90;30;
02-11-2014 04:00:00;41945.16666666666;509;0;21.0334;0;0;30;90;30;
02-11-2014 05:00:00;41945.20833333334;509;0;20.97;0;0;30;90;30;
02-11-2014 06:00:00;41945.25;509;0;20.9506;0;0;30;90;30;
02-11-2014 07:00:00;41945.29166666666;509;0;20.95;0;0;30;90;30;
02-11-2014 08:00:00;41945.33333333334;509;0;20.9337;0;0;30;90;30;
02-11-2014 09:00:00;41945.375;509;0;20.95;0;0;30;90;30;
02-11-2014 10:00:00;41945.41666666666;509;0;21.1067;0;0;30;90;30;
02-11-2014 11:00:00;41945.45833333334;509;0;21.3984;0;0;30;90;30;
02-11-2014 12:00:00;41945.5;509;0;21.6973;0;0;30;90;30;
02-11-2014 13:00:00;41945.54166666666;509;0;21.7206;0;0;30;90;30;
02-11-2014 14:00:00;41945.58333333334;509;0;21.95;0;0;0;0;0;
02-11-2014 15:00:00;41945.625;509;0;21.9294;0;0;0;0;0;
02-11-2014 16:00:00;41945.66666666666;509;0;21.7321;0;0;0;0;0;
02-11-2014 17:00:00;41945.70833333334;509;0;21.6222;0;0;0;0;0;
02-11-2014 18:00:00;41945.75;509;0;21.5031;0;0;0;0;0;
02-11-2014 19:00:00;41945.79166666666;509;0;21.4184;0;0;0;0;0;
02-11-2014 20:00:00;41945.83333333334;509;0;21.33;0;0;0;0;0;
02-11-2014 21:00:00;41945.875;509;0;21.2225;0;0;0;0;0;
02-11-2014 22:00:00;41945.91666666666;509;0;21.1849;0;0;0;0;0;
02-11-2014 23:00:00;41945.95833333334;509;0;21.1462;0;0;0;0;0;
03-11-2014 00:00:00;41946;509;0;21.1078;0;0;0;0;0;
03-11-2014 01:00:00;41946.04166666666;509;0;21.07;0;0;0;0;0;
03-11-2014 02:00:00;41946.08333333334;509;0;20.99;0;0;0;0;0;
03-11-2014 03:00:00;41946.125;509;0;20.9604;0;0;0;0;0;
03-11-2014 04:00:00;41946.16666666666;509;0;20.97;0;0;0;0;0;
03-11-2014 05:00:00;41946.20833333334;509;0;20.9386;0;0;0;0;0;
03-11-2014 06:00:00;41946.25;509;0;20.9339;0;0;0;0;0;
03-11-2014 07:00:00;41946.29166666666;509;1;20.9262;1;0;0;0;0;
03-11-2014 08:00:00;41946.33333333334;509;1;20.9106;1;0;0;0;0;
03-11-2014 09:00:00;41946.375;509;1;20.8932;1;0;0;0;0;
03-11-2014 10:00:00;41946.41666666666;509;1;21.0034;1;0;10;0;0;
03-11-2014 11:00:00;41946.45833333334;509;1;20.7324;1;64.9741;30;0;0;
03-11-2014 12:00:00;41946.5;509;1;21.0959;1;71.8643;30;0;0;
03-11-2014 13:00:00;41946.54166666666;509;1;21.1294;1;72.3399;30;0;0;
03-11-2014 14:00:00;41946.58333333334;509;1;21.6349;1;0;10;0;20;
03-11-2014 15:00:00;41946.625;509;1;21.3421;1;81.6461;40;0;40;
03-11-2014 16:00:00;41946.66666666666;509;1;20.7681;1;84.3659;30;0;50;
03-11-2014 17:00:00;41946.70833333334;509;0;21.4283;0;0;30;0;50;
03-11-2014 18:00:00;41946.75;509;0;21.37;0;0;30;0;50;
03-11-2014 19:00:00;41946.79166666666;509;0;21.2772;0;0;30;0;50;
03-11-2014 20:00:00;41946.83333333334;509;0;21.221;0;0;30;0;50;
03-11-2014 21:00:00;41946.875;509;0;21.1415;0;0;30;0;50;
03-11-2014 22:00:00;41946.91666666666;509;0;21.03;0;0;30;0;50;
03-11-2014 23:00:00;41946.95833333334;509;0;21.03;0;0;30;0;50;
04-11-2014 00:00:00;41947;509;0;21.07;0;0;30;0;50;
04-11-2014 01:00:00;41947.04166666666;509;0;21.031;0;0;30;0;50;
04-11-2014 02:00:00;41947.08333333334;509;0;20.97;0;0;30;0;50;
04-11-2014 03:00:00;41947.125;509;0;20.93;0;0;30;0;50;
04-11-2014 04:00:00;41947.16666666666;509;0;20.9013;0;0;30;0;50;
04-11-2014 05:00:00;41947.20833333334;509;0;20.8965;0;0;30;0;50;
04-11-2014 06:00:00;41947.25;509;0;20.91;0;0;30;0;50;
04-11-2014 07:00:00;41947.29166666666;509;0;20.9241;0;0;30;0;50;
04-11-2014 08:00:00;41947.33333333334;509;0;20.85;0;0;30;0;50;
04-11-2014 09:00:00;41947.375;509;1;20.91;1;0;10;0;50;
04-11-2014 10:00:00;41947.41666666666;509;1;20.4971;1;75.4216;10;0;50;
04-11-2014 11:00:00;41947.45833333334;509;1;20.5359;1;72.3675;45;0;50;
04-11-2014 12:00:00;41947.5;509;1;20.8814;1;76.2343;45;0;50;
04-11-2014 13:00:00;41947.54166666666;509;1;20.9973;1;97.4399;30;0;50;
04-11-2014 14:00:00;41947.58333333334;509;1;21.3739;1;0;10;0;10;
04-11-2014 15:00:00;41947.625;509;1;21.1032;1;87.6215;10;0;70;
04-11-2014 16:00:00;41947.66666666666;509;1;21.3804;1;73.836;30;0;10;
04-11-2014 17:00:00;41947.70833333334;509;0;21.6291;0;0;30;0;10;
04-11-2014 18:00:00;41947.75;509;0;21.5756;0;0;30;0;10;
04-11-2014 19:00:00;41947.79166666666;509;0;21.41;0;0;30;0;10;
04-11-2014 20:00:00;41947.83333333334;509;0;21.2619;0;0;30;0;10;
04-11-2014 21:00:00;41947.875;509;0;21.35;0;0;30;0;10;
04-11-2014 22:00:00;41947.91666666666;509;0;21.31;0;0;30;0;10;
04-11-2014 23:00:00;41947.95833333334;509;0;21.23;0;0;30;0;10;
05-11-2014 00:00:00;41948;509;0;21.186;0;0;30;0;10;
05-11-2014 01:00:00;41948.04166666666;509;0;21.13;0;0;30;0;10;
05-11-2014 02:00:00;41948.08333333334;509;0;21.11;0;0;30;0;10;
05-11-2014 03:00:00;41948.125;509;0;21.0504;0;0;30;0;10;
05-11-2014 04:00:00;41948.16666666666;509;0;21.07;0;0;30;0;10;
05-11-2014 05:00:00;41948.20833333334;509;0;21.0264;0;0;30;0;10;
05-11-2014 06:00:00;41948.25;509;0;20.9731;0;0;30;0;10;
05-11-2014 07:00:00;41948.29166666666;509;0;20.95;0;0;30;0;10;
05-11-2014 08:00:00;41948.33333333334;509;0;20.9239;0;0;30;0;10;
05-11-2014 09:00:00;41948.375;509;1;20.99;1;0;30;0;10;
05-11-2014 10:00:00;41948.41666666666;509;1;21.0408;1;0;30;0;10;
05-11-2014 11:00:00;41948.45833333334;509;0;21.0688;0;0;30;0;10;
05-11-2014 12:00:00;41948.5;509;0;21.1223;0;0;30;0;10;
05-11-2014 13:00:00;41948.54166666666;509;0;21.15;0;0;30;0;10;
05-11-2014 14:00:00;41948.58333333334;509;0;21.1652;0;0;30;0;10;
05-11-2014 15:00:00;41948.625;509;0;21.17;0;0;30;0;10;
05-11-2014 16:00:00;41948.66666666666;509;0;21.19;0;0;0;0;0;
05-11-2014 17:00:00;41948.70833333334;509;0;21.1512;0;0;0;0;0;
05-11-2014 18:00:00;41948.75;509;0;21.15;0;0;0;0;0;
05-11-2014 19:00:00;41948.79166666666;509;0;21.1041;0;0;0;0;0;
05-11-2014 20:00:00;41948.83333333334;509;0;21.1181;0;10.7417;0;0;0;
05-11-2014 21:00:00;41948.875;509;0;21.0618;0;0;0;0;0;
05-11-2014 22:00:00;41948.91666666666;509;0;21.05;0;0;0;0;0;
05-11-2014 23:00:00;41948.95833333334;509;0;21.0526;0;0;0;0;0;
06-11-2014 00:00:00;41949;509;0;21.029;0;0;0;0;0;
06-11-2014 01:00:00;41949.04166666666;509;0;20.93;0;0;0;0;0;
06-11-2014 02:00:00;41949.08333333334;509;0;20.91;0;0;0;0;0;
06-11-2014 03:00:00;41949.125;509;0;20.89;0;0;0;0;0;
06-11-2014 04:00:00;41949.16666666666;509;0;20.8662;0;0;0;0;0;
06-11-2014 05:00:00;41949.20833333334;509;0;20.87;0;0;0;0;0;
06-11-2014 06:00:00;41949.25;509;0;20.85;0;0;0;0;0;
06-11-2014 07:00:00;41949.29166666666;509;0;20.8523;0;0;0;0;0;
06-11-2014 08:00:00;41949.33333333334;509;0;20.7949;0;0;0;0;0;
06-11-2014 09:00:00;41949.375;509;1;20.8577;1;0;0;0;0;
06-11-2014 10:00:00;41949.41666666666;509;1;20.8995;1;0;10;0;0;
06-11-2014 11:00:00;41949.45833333334;509;1;20.438;1;69.7401;10;0;0;
06-11-2014 12:00:00;41949.5;509;1;20.856;1;69.367;10;0;0;
06-11-2014 13:00:00;41949.54166666666;509;1;21.2946;1;71.6366;10;0;0;
06-11-2014 14:00:00;41949.58333333334;509;1;20.565;1;94.9949;10;0;0;
06-11-2014 15:00:00;41949.625;509;1;20.8454;1;91.2921;10;0;0;
06-11-2014 16:00:00;41949.66666666666;509;1;20.9056;1;88.0215;30;0;0;
06-11-2014 17:00:00;41949.70833333334;509;1;20.4118;1;99.1234;30;0;0;
06-11-2014 18:00:00;41949.75;509;0;21.38;0;0;30;0;0;
06-11-2014 19:00:00;41949.79166666666;509;0;21.2454;0;12.5573;30;0;0;
06-11-2014 20:00:00;41949.83333333334;509;0;21.1993;0;0;30;0;0;
06-11-2014 21:00:00;41949.875;509;0;21.23;0;0;30;0;0;
06-11-2014 22:00:00;41949.91666666666;509;0;21.1709;0;0;30;0;0;
06-11-2014 23:00:00;41949.95833333334;509;0;21.13;0;0;30;0;0;
07-11-2014 00:00:00;41950;509;0;21.0753;0;0;30;0;0;
07-11-2014 01:00:00;41950.04166666666;509;0;21.05;0;0;30;0;0;
07-11-2014 02:00:00;41950.08333333334;509;0;20.9728;0;0;30;0;0;
07-11-2014 03:00:00;41950.125;509;0;20.9101;0;0;30;0;0;
07-11-2014 04:00:00;41950.16666666666;509;0;20.91;0;0;30;0;0;
07-11-2014 05:00:00;41950.20833333334;509;0;20.87;0;0;30;0;0;
07-11-2014 06:00:00;41950.25;509;0;20.8491;0;0;30;0;0;
07-11-2014 07:00:00;41950.29166666666;509;1;20.8423;1;0;30;0;0;
07-11-2014 08:00:00;41950.33333333334;509;1;20.85;1;0;30;0;0;
07-11-2014 09:00:00;41950.375;509;1;20.8717;1;0;10;0;0;
07-11-2014 10:00:00;41950.41666666666;509;1;20.6277;1;59.0748;10;0;0;
07-11-2014 11:00:00;41950.45833333334;509;1;20.55;1;67.9074;30;0;0;
07-11-2014 12:00:00;41950.5;509;1;20.6445;1;73.6524;10;0;0;
07-11-2014 13:00:00;41950.54166666666;509;1;20.6738;1;81.2689;10;0;0;
07-11-2014 14:00:00;41950.58333333334;509;1;20.9583;1;78.9533;10;0;0;
07-11-2014 15:00:00;41950.625;509;1;20.9981;1;63.4972;30;0;0;
07-11-2014 16:00:00;41950.66666666666;509;1;21.4055;1;24.5815;30;0;0;
07-11-2014 17:00:00;41950.70833333334;509;0;21.1983;0;0;30;0;0;
07-11-2014 18:00:00;41950.75;509;0;21.3102;0;0;30;0;0;
07-11-2014 19:00:00;41950.79166666666;509;0;21.19;0;0;30;0;0;
07-11-2014 20:00:00;41950.83333333334;509;0;21.17;0;0;30;0;0;
07-11-2014 21:00:00;41950.875;509;0;21.0975;0;0;30;0;0;
07-11-2014 22:00:00;41950.91666666666;509;0;21.07;0;0;30;0;0;
07-11-2014 23:00:00;41950.95833333334;509;0;21.0137;0;0;30;0;0;
08-11-2014 00:00:00;41951;509;0;20.9844;0;0;30;0;0;
08-11-2014 01:00:00;41951.04166666666;509;0;20.9325;0;0;30;0;0;
08-11-2014 02:00:00;41951.08333333334;509;0;20.915;0;0;30;0;0;
08-11-2014 03:00:00;41951.125;509;0;20.89;0;0;30;0;0;
08-11-2014 04:00:00;41951.16666666666;509;0;20.87;0;0;30;0;0;
08-11-2014 05:00:00;41951.20833333334;509;0;20.85;0;0;30;0;0;
08-11-2014 06:00:00;41951.25;509;0;20.83;0;0;30;0;0;
08-11-2014 07:00:00;41951.29166666666;509;0;20.8282;0;0;30;0;0;
08-11-2014 08:00:00;41951.33333333334;509;0;20.8095;0;0;30;0;0;
08-11-2014 09:00:00;41951.375;509;0;20.81;0;0;30;0;0;
08-11-2014 10:00:00;41951.41666666666;509;0;20.9053;0;0;30;0;0;
08-11-2014 11:00:00;41951.45833333334;509;0;21.1155;0;0;30;0;0;
08-11-2014 12:00:00;41951.5;509;0;21.1999;0;0;30;0;0;
08-11-2014 13:00:00;41951.54166666666;509;0;21.5555;0;0;30;0;0;
08-11-2014 14:00:00;41951.58333333334;509;0;21.6549;0;0;30;0;0;
08-11-2014 15:00:00;41951.625;509;0;21.6273;0;0;30;0;0;
08-11-2014 16:00:00;41951.66666666666;509;0;21.53;0;0;0;0;0;
08-11-2014 17:00:00;41951.70833333334;509;0;21.41;0;0;0;0;0;
08-11-2014 18:00:00;41951.75;509;0;21.33;0;0;0;0;0;
08-11-2014 19:00:00;41951.79166666666;509;0;21.21;0;0;0;0;0;
08-11-2014 20:00:00;41951.83333333334;509;0;21.1409;0;0;0;0;0;
08-11-2014 21:00:00;41951.875;509;0;21.057;0;0;0;0;0;
08-11-2014 22:00:00;41951.91666666666;509;0;21.03;0;0;0;0;0;
08-11-2014 23:00:00;41951.95833333334;509;0;20.97;0;0;0;0;0;
09-11-2014 00:00:00;41952;509;0;20.91;0;0;0;0;0;
09-11-2014 01:00:00;41952.04166666666;509;0;20.9078;0;0;0;0;0;
09-11-2014 02:00:00;41952.08333333334;509;0;20.87;0;0;0;0;0;
09-11-2014 03:00:00;41952.125;509;0;20.85;0;0;0;0;0;
09-11-2014 04:00:00;41952.16666666666;509;0;20.85;0;0;0;0;0;
09-11-2014 05:00:00;41952.20833333334;509;0;20.83;0;0;0;0;0;
09-11-2014 06:00:00;41952.25;509;0;20.81;0;0;0;0;0;
09-11-2014 07:00:00;41952.29166666666;509;0;20.8095;0;0;0;0;0;
09-11-2014 08:00:00;41952.33333333334;509;0;20.79;0;0;0;0;0;
09-11-2014 09:00:00;41952.375;509;0;20.79;0;0;0;0;0;
09-11-2014 10:00:00;41952.41666666666;509;0;20.89;0;0;0;0;0;
09-11-2014 11:00:00;41952.45833333334;509;0;21.0515;0;0;0;0;0;
09-11-2014 12:00:00;41952.5;509;0;21.0208;0;0;0;0;0;
09-11-2014 13:00:00;41952.54166666666;509;0;21.4401;0;0;0;0;0;
09-11-2014 14:00:00;41952.58333333334;509;0;21.5728;0;0;0;0;0;
09-11-2014 15:00:00;41952.625;509;0;21.5299;0;0;0;0;0;
09-11-2014 16:00:00;41952.66666666666;509;0;21.4471;0;0;0;0;0;
09-11-2014 17:00:00;41952.70833333334;509;0;21.315;0;0;0;0;0;
09-11-2014 18:00:00;41952.75;509;0;21.25;0;0;0;0;0;
09-11-2014 19:00:00;41952.79166666666;509;0;21.1393;0;0;0;0;0;
09-11-2014 20:00:00;41952.83333333334;509;0;21.07;0;0;0;0;0;
09-11-2014 21:00:00;41952.875;509;0;21.0461;0;0;0;0;0;
09-11-2014 22:00:00;41952.91666666666;509;0;20.9511;0;0;0;0;0;
09-11-2014 23:00:00;41952.95833333334;509;0;20.93;0;0;0;0;0;
10-11-2014 00:00:00;41953;509;0;20.8742;0;0;0;0;0;
10-11-2014 01:00:00;41953.04166666666;509;0;20.85;0;0;0;0;0;
10-11-2014 02:00:00;41953.08333333334;509;0;20.81;0;0;0;0;0;
10-11-2014 03:00:00;41953.125;509;0;20.804;0;0;0;0;0;
10-11-2014 04:00:00;41953.16666666666;509;0;20.79;0;0;0;0;0;
10-11-2014 05:00:00;41953.20833333334;509;0;20.77;0;0;0;0;0;
10-11-2014 06:00:00;41953.25;509;0;20.768;0;0;0;0;0;
10-11-2014 07:00:00;41953.29166666666;509;1;20.77;1;0;0;0;0;
10-11-2014 08:00:00;41953.33333333334;509;0;20.8434;0;0;0;0;0;
10-11-2014 09:00:00;41953.375;509;0;20.79;0;0;0;0;0;
10-11-2014 10:00:00;41953.41666666666;509;1;20.89;1;0;10;0;0;
10-11-2014 11:00:00;41953.45833333334;509;0;20.5305;0;69.3431;30;0;0;
10-11-2014 12:00:00;41953.5;509;1;21.3402;1;0;10;0;0;
10-11-2014 13:00:00;41953.54166666666;509;1;21.3127;1;85.8928;10;0;0;
10-11-2014 14:00:00;41953.58333333334;509;1;20.6714;1;83.9951;10;0;0;
10-11-2014 15:00:00;41953.625;509;1;20.9241;1;80.8652;30;0;0;
10-11-2014 16:00:00;41953.66666666666;509;1;20.9863;1;79.6805;30;0;0;
10-11-2014 17:00:00;41953.70833333334;509;1;21.3737;1;81.5971;30;0;0;
10-11-2014 18:00:00;41953.75;509;1;21.0605;1;96.8842;30;10;0;
10-11-2014 19:00:00;41953.79166666666;509;1;21.5402;1;65.0822;30;10;0;
10-11-2014 20:00:00;41953.83333333334;509;1;21.19;1;95.2684;30;90;0;
10-11-2014 21:00:00;41953.875;509;1;21.1638;1;90.1669;30;90;0;
10-11-2014 22:00:00;41953.91666666666;509;0;20.4807;0;94.6094;30;10;0;
10-11-2014 23:00:00;41953.95833333334;509;0;21.39;0;0;30;10;0;
11-11-2014 00:00:00;41954;509;0;21.3096;0;0;30;10;0;
11-11-2014 01:00:00;41954.04166666666;509;0;21.1128;0;0;30;10;0;
11-11-2014 02:00:00;41954.08333333334;509;0;21.03;0;0;30;10;0;
11-11-2014 03:00:00;41954.125;509;0;20.93;0;0;30;10;0;
11-11-2014 04:00:00;41954.16666666666;509;0;20.87;0;0;30;10;0;
11-11-2014 05:00:00;41954.20833333334;509;0;20.85;0;0;30;10;0;
11-11-2014 06:00:00;41954.25;509;0;20.81;0;0;30;10;0;
11-11-2014 07:00:00;41954.29166666666;509;0;20.79;0;0;30;10;0;
11-11-2014 08:00:00;41954.33333333334;509;0;20.77;0;0;30;10;0;
11-11-2014 09:00:00;41954.375;509;1;20.8182;1;0;30;10;0;
11-11-2014 10:00:00;41954.41666666666;509;1;20.9342;1;0;30;10;0;
11-11-2014 11:00:00;41954.45833333334;509;1;21.17;1;51.8984;10;10;0;
11-11-2014 12:00:00;41954.5;509;1;20.7556;1;86.4535;10;10;0;
11-11-2014 13:00:00;41954.54166666666;509;1;20.9037;1;77.8133;10;10;0;
11-11-2014 14:00:00;41954.58333333334;509;1;21.2319;1;78.762;10;10;0;
11-11-2014 15:00:00;41954.625;509;1;21.1198;1;81.6971;10;10;0;
11-11-2014 16:00:00;41954.66666666666;509;1;20.5835;1;102.612;10;10;0;
11-11-2014 17:00:00;41954.70833333334;509;1;20.41;1;98.1624;10;10;0;
11-11-2014 18:00:00;41954.75;509;0;20.3117;0;71.6525;30;10;0;
11-11-2014 19:00:00;41954.79166666666;509;0;21.3873;0;0;30;10;0;
11-11-2014 20:00:00;41954.83333333334;509;0;21.3457;0;0;30;10;0;
11-11-2014 21:00:00;41954.875;509;0;21.3567;0;0;30;0;0;
11-11-2014 22:00:00;41954.91666666666;509;0;21.2188;0;0;30;0;0;
11-11-2014 23:00:00;41954.95833333334;509;0;21.1614;0;0;30;0;0;
12-11-2014 00:00:00;41955;509;0;21.11;0;0;30;0;0;
12-11-2014 01:00:00;41955.04166666666;509;0;21.07;0;0;30;0;0;
12-11-2014 02:00:00;41955.08333333334;509;0;21.05;0;0;30;0;0;
12-11-2014 03:00:00;41955.125;509;0;20.9979;0;0;30;0;0;
12-11-2014 04:00:00;41955.16666666666;509;0;20.97;0;0;30;0;0;
12-11-2014 05:00:00;41955.20833333334;509;0;20.95;0;0;30;0;0;
12-11-2014 06:00:00;41955.25;509;0;20.9096;0;0;30;0;0;
12-11-2014 07:00:00;41955.29166666666;509;1;20.9277;1;0;30;0;0;
12-11-2014 08:00:00;41955.33333333334;509;1;20.89;1;0;30;0;0;
12-11-2014 09:00:00;41955.375;509;1;20.9158;1;0;10;0;0;
12-11-2014 10:00:00;41955.41666666666;509;1;20.5667;1;77.0171;45;0;0;
12-11-2014 11:00:00;41955.45833333334;509;1;20.5919;1;86.9806;30;0;0;
12-11-2014 12:00:00;41955.5;509;1;20.4369;1;83.8008;30;0;0;
12-11-2014 13:00:00;41955.54166666666;509;0;20.5443;0;73.3649;30;0;0;
12-11-2014 14:00:00;41955.58333333334;509;0;21.47;0;0;30;0;0;
12-11-2014 15:00:00;41955.625;509;1;21.4851;1;0;30;0;0;
12-11-2014 16:00:00;41955.66666666666;509;1;21.39;1;0;10;0;0;
12-11-2014 17:00:00;41955.70833333334;509;1;20.2713;1;100.329;10;0;0;
12-11-2014 18:00:00;41955.75;509;1;20.5249;1;100.004;10;0;0;
12-11-2014 19:00:00;41955.79166666666;509;1;20.577;1;104.937;30;0;0;
12-11-2014 20:00:00;41955.83333333334;509;0;21.2118;0;0;30;0;0;
12-11-2014 21:00:00;41955.875;509;0;21.31;0;0;30;0;0;
12-11-2014 22:00:00;41955.91666666666;509;0;21.31;0;0;30;0;0;
12-11-2014 23:00:00;41955.95833333334;509;0;21.2461;0;0;30;0;0;
13-11-2014 00:00:00;41956;509;0;21.1883;0;0;30;0;0;
13-11-2014 01:00:00;41956.04166666666;509;0;21.11;0;0;30;0;0;
13-11-2014 02:00:00;41956.08333333334;509;0;21.0604;0;0;30;0;0;
13-11-2014 03:00:00;41956.125;509;0;21.0123;0;0;30;0;0;
13-11-2014 04:00:00;41956.16666666666;509;0;20.97;0;0;30;0;0;
13-11-2014 05:00:00;41956.20833333334;509;0;20.95;0;0;30;0;0;
13-11-2014 06:00:00;41956.25;509;0;20.9273;0;0;30;0;0;
13-11-2014 07:00:00;41956.29166666666;509;0;20.9494;0;0;30;0;0;
13-11-2014 08:00:00;41956.33333333334;509;0;20.87;0;0;30;0;0;
13-11-2014 09:00:00;41956.375;509;0;20.8946;0;0;30;0;0;
13-11-2014 10:00:00;41956.41666666666;509;1;20.9834;1;0;10;0;0;
13-11-2014 11:00:00;41956.45833333334;509;1;20.5745;1;62.1524;10;0;0;
13-11-2014 12:00:00;41956.5;509;1;20.8573;1;76.2381;30;0;0;
13-11-2014 13:00:00;41956.54166666666;509;1;21.1422;1;32.3456;30;0;0;
13-11-2014 14:00:00;41956.58333333334;509;1;21.0309;1;79.145;30;0;0;
13-11-2014 15:00:00;41956.625;509;1;21.6655;1;0;30;0;0;
13-11-2014 16:00:00;41956.66666666666;509;1;21.6586;1;0;30;0;0;
13-11-2014 17:00:00;41956.70833333334;509;1;21.63;1;0;10;10;0;
13-11-2014 18:00:00;41956.75;509;0;20.4953;0;70.2862;30;60;0;
13-11-2014 19:00:00;41956.79166666666;509;0;21.363;0;0;30;60;0;
13-11-2014 20:00:00;41956.83333333334;509;0;21.2654;0;0;30;60;0;
13-11-2014 21:00:00;41956.875;509;0;21.2279;0;0;30;60;0;
13-11-2014 22:00:00;41956.91666666666;509;0;21.17;0;0;30;60;0;
13-11-2014 23:00:00;41956.95833333334;509;0;21.09;0;0;30;60;0;
14-11-2014 00:00:00;41957;509;0;21.0556;0;0;30;60;0;
14-11-2014 01:00:00;41957.04166666666;509;0;21.03;0;0;30;60;0;
14-11-2014 02:00:00;41957.08333333334;509;0;20.9891;0;0;30;60;0;
14-11-2014 03:00:00;41957.125;509;0;20.9689;0;0;30;60;0;
14-11-2014 04:00:00;41957.16666666666;509;0;20.9143;0;0;30;60;0;
14-11-2014 05:00:00;41957.20833333334;509;0;20.91;0;0;30;60;0;
14-11-2014 06:00:00;41957.25;509;0;20.8803;0;0;30;60;0;
14-11-2014 07:00:00;41957.29166666666;509;0;20.89;0;0;30;60;0;
14-11-2014 08:00:00;41957.33333333334;509;1;20.8724;1;0;10;60;0;
14-11-2014 09:00:00;41957.375;509;1;20.2852;1;93.7989;30;60;0;
14-11-2014 10:00:00;41957.41666666666;509;1;20.8755;1;66.837;30;60;0;
14-11-2014 11:00:00;41957.45833333334;509;1;21.1549;1;47.4399;30;60;0;
14-11-2014 12:00:00;41957.5;509;1;21.4516;1;31.0259;10;60;0;
14-11-2014 13:00:00;41957.54166666666;509;1;21.11;1;62.5449;10;60;0;
14-11-2014 14:00:00;41957.58333333334;509;1;21.05;1;69.7479;10;60;0;
14-11-2014 15:00:00;41957.625;509;1;20.7713;1;40.4236;30;60;0;
14-11-2014 16:00:00;41957.66666666666;509;1;20.6663;1;62.2021;30;60;0;
14-11-2014 17:00:00;41957.70833333334;509;0;21.3243;0;0;30;0;0;
14-11-2014 18:00:00;41957.75;509;0;21.27;0;0;30;0;0;
14-11-2014 19:00:00;41957.79166666666;509;0;21.19;0;0;30;0;0;
14-11-2014 20:00:00;41957.83333333334;509;0;21.11;0;0;30;0;0;
14-11-2014 21:00:00;41957.875;509;0;21.0348;0;0;30;0;0;
14-11-2014 22:00:00;41957.91666666666;509;0;20.9715;0;0;30;0;0;
14-11-2014 23:00:00;41957.95833333334;509;0;20.97;0;0;30;0;0;
15-11-2014 00:00:00;41958;509;0;20.9343;0;0;30;0;0;
15-11-2014 01:00:00;41958.04166666666;509;0;20.9368;0;0;30;0;0;
15-11-2014 02:00:00;41958.08333333334;509;0;20.9213;0;0;30;0;0;
15-11-2014 03:00:00;41958.125;509;0;20.93;0;0;30;0;0;
15-11-2014 04:00:00;41958.16666666666;509;0;20.9273;0;0;30;0;0;
15-11-2014 05:00:00;41958.20833333334;509;0;20.91;0;0;30;0;0;
15-11-2014 06:00:00;41958.25;509;0;20.8721;0;0;30;0;0;
15-11-2014 07:00:00;41958.29166666666;509;0;20.7748;0;0;30;0;0;
15-11-2014 08:00:00;41958.33333333334;509;0;20.7616;0;0;30;0;0;
15-11-2014 09:00:00;41958.375;509;0;20.71;0;0;30;0;0;
15-11-2014 10:00:00;41958.41666666666;509;0;20.71;0;0;30;0;0;
15-11-2014 11:00:00;41958.45833333334;509;0;20.75;0;0;30;0;0;
15-11-2014 12:00:00;41958.5;509;0;20.69;0;0;30;0;0;
15-11-2014 13:00:00;41958.54166666666;509;0;20.7458;0;0;30;0;0;
15-11-2014 14:00:00;41958.58333333334;509;0;20.75;0;0;30;0;0;
15-11-2014 15:00:00;41958.625;509;0;20.75;0;0;30;0;0;
15-11-2014 16:00:00;41958.66666666666;509;0;20.701;0;0;0;0;0;
15-11-2014 17:00:00;41958.70833333334;509;0;20.69;0;0;0;0;0;
15-11-2014 18:00:00;41958.75;509;0;20.69;0;0;0;0;0;
15-11-2014 19:00:00;41958.79166666666;509;0;20.6668;0;0;0;0;0;
15-11-2014 20:00:00;41958.83333333334;509;0;20.6303;0;0;0;0;0;
15-11-2014 21:00:00;41958.875;509;0;20.65;0;0;0;0;0;
15-11-2014 22:00:00;41958.91666666666;509;0;20.67;0;0;0;0;0;
15-11-2014 23:00:00;41958.95833333334;509;0;20.67;0;0;0;0;0;
16-11-2014 00:00:00;41959;509;0;20.67;0;0;0;0;0;
16-11-2014 01:00:00;41959.04166666666;509;0;20.6954;0;0;0;0;0;
16-11-2014 02:00:00;41959.08333333334;509;0;20.69;0;0;0;0;0;
16-11-2014 03:00:00;41959.125;509;0;20.6657;0;0;0;0;0;
16-11-2014 04:00:00;41959.16666666666;509;0;20.67;0;0;0;0;0;
16-11-2014 05:00:00;41959.20833333334;509;0;20.67;0;0;0;0;0;
16-11-2014 06:00:00;41959.25;509;0;20.67;0;0;0;0;0;
16-11-2014 07:00:00;41959.29166666666;509;0;20.6336;0;0;0;0;0;
16-11-2014 08:00:00;41959.33333333334;509;0;20.6087;0;0;0;0;0;
16-11-2014 09:00:00;41959.375;509;0;20.51;0;0;0;0;0;
16-11-2014 10:00:00;41959.41666666666;509;0;20.4839;0;0;0;0;0;
16-11-2014 11:00:00;41959.45833333334;509;0;20.45;0;0;0;0;0;
16-11-2014 12:00:00;41959.5;509;0;20.45;0;0;0;0;0;
16-11-2014 13:00:00;41959.54166666666;509;0;20.45;0;0;0;0;0;
16-11-2014 14:00:00;41959.58333333334;509;0;20.49;0;0;0;0;0;
16-11-2014 15:00:00;41959.625;509;0;20.51;0;0;0;0;0;
16-11-2014 16:00:00;41959.66666666666;509;0;20.45;0;0;0;0;0;
16-11-2014 17:00:00;41959.70833333334;509;0;20.45;0;0;0;0;0;
16-11-2014 18:00:00;41959.75;509;0;20.41;0;0;0;0;0;
16-11-2014 19:00:00;41959.79166666666;509;0;20.4027;0;0;0;0;0;
16-11-2014 20:00:00;41959.83333333334;509;0;20.39;0;0;0;0;0;
16-11-2014 21:00:00;41959.875;509;0;20.3569;0;0;0;0;0;
16-11-2014 22:00:00;41959.91666666666;509;0;20.35;0;0;0;0;0;
16-11-2014 23:00:00;41959.95833333334;509;0;20.3487;0;0;0;0;0;
17-11-2014 00:00:00;41960;509;0;20.33;0;0;0;0;0;
17-11-2014 01:00:00;41960.04166666666;509;0;20.3269;0;0;0;0;0;
17-11-2014 02:00:00;41960.08333333334;509;0;20.35;0;0;0;0;0;
17-11-2014 03:00:00;41960.125;509;0;20.3386;0;0;0;0;0;
17-11-2014 04:00:00;41960.16666666666;509;0;20.3364;0;0;0;0;0;
17-11-2014 05:00:00;41960.20833333334;509;0;20.35;0;0;0;0;0;
17-11-2014 06:00:00;41960.25;509;0;20.3686;0;0;0;0;0;
17-11-2014 07:00:00;41960.29166666666;509;1;20.3916;1;0;0;0;0;
17-11-2014 08:00:00;41960.33333333334;509;1;20.4191;1;0;10;0;10;
17-11-2014 09:00:00;41960.375;509;1;19.7436;1;95.0125;30;10;40;
17-11-2014 10:00:00;41960.41666666666;509;1;20.03;1;68.3294;50;10;50;
17-11-2014 11:00:00;41960.45833333334;509;1;20.2384;1;82.5589;50;90;50;
17-11-2014 12:00:00;41960.5;509;1;20.2322;1;82.08;30;90;10;
17-11-2014 13:00:00;41960.54166666666;509;1;19.7735;1;107.768;50;90;40;
17-11-2014 14:00:00;41960.58333333334;509;1;20.1141;1;84.2849;50;90;30;
17-11-2014 15:00:00;41960.625;509;1;20.038;1;108.255;90;90;30;
17-11-2014 16:00:00;41960.66666666666;509;1;20.1493;1;123.412;90;90;30;
17-11-2014 17:00:00;41960.70833333334;509;1;20.8436;1;29.3547;60;90;30;
17-11-2014 18:00:00;41960.75;509;1;21.1122;1;0;10;90;30;
17-11-2014 19:00:00;41960.79166666666;509;0;19.9767;0;46.4206;30;90;30;
17-11-2014 20:00:00;41960.83333333334;509;0;21.11;0;0;30;90;30;
17-11-2014 21:00:00;41960.875;509;0;20.99;0;0;30;90;30;
17-11-2014 22:00:00;41960.91666666666;509;0;20.95;0;0;30;90;30;
17-11-2014 23:00:00;41960.95833333334;509;0;20.9045;0;0;30;90;30;
18-11-2014 00:00:00;41961;509;0;20.93;0;0;30;90;30;
18-11-2014 01:00:00;41961.04166666666;509;0;20.8784;0;0;30;90;30;
18-11-2014 02:00:00;41961.08333333334;509;0;20.85;0;0;30;90;30;
18-11-2014 03:00:00;41961.125;509;0;20.83;0;0;30;90;30;
18-11-2014 04:00:00;41961.16666666666;509;0;20.77;0;0;30;90;30;
18-11-2014 05:00:00;41961.20833333334;509;0;20.752;0;0;30;90;30;
18-11-2014 06:00:00;41961.25;509;0;20.75;0;0;30;90;30;
18-11-2014 07:00:00;41961.29166666666;509;0;20.705;0;0;30;90;30;
18-11-2014 08:00:00;41961.33333333334;509;1;20.67;1;0;10;90;10;
18-11-2014 09:00:00;41961.375;509;1;20.1929;1;79.9911;30;10;20;
18-11-2014 10:00:00;41961.41666666666;509;1;20.13;1;72.9673;30;10;10;
18-11-2014 11:00:00;41961.45833333334;509;1;20.085;1;83.1332;50;90;30;
18-11-2014 12:00:00;41961.5;509;1;20.2346;1;82.7667;60;90;20;
18-11-2014 13:00:00;41961.54166666666;509;1;20.6077;1;92.1202;90;90;20;
18-11-2014 14:00:00;41961.58333333334;509;1;20.4994;1;87.6456;50;90;20;
18-11-2014 15:00:00;41961.625;509;1;20.3757;1;92.9633;50;90;20;
18-11-2014 16:00:00;41961.66666666666;509;1;20.124;1;88.7677;50;90;20;
18-11-2014 17:00:00;41961.70833333334;509;1;20.3259;1;96.6866;10;90;20;
18-11-2014 18:00:00;41961.75;509;1;20.2838;1;93.5656;30;90;20;
18-11-2014 19:00:00;41961.79166666666;509;0;21.1902;0;0;30;90;20;
18-11-2014 20:00:00;41961.83333333334;509;0;21.17;0;5.22598;30;90;20;
18-11-2014 21:00:00;41961.875;509;1;21.15;1;0;10;90;20;
18-11-2014 22:00:00;41961.91666666666;509;1;21.1007;1;0;50;90;20;
18-11-2014 23:00:00;41961.95833333334;509;0;21.0543;0;0;20;90;20;
19-11-2014 00:00:00;41962;509;0;20.99;0;0;20;90;20;
19-11-2014 01:00:00;41962.04166666666;509;0;20.95;0;0;20;90;20;
19-11-2014 02:00:00;41962.08333333334;509;0;20.9199;0;0;20;90;20;
19-11-2014 03:00:00;41962.125;509;0;20.91;0;0;20;90;20;
19-11-2014 04:00:00;41962.16666666666;509;0;20.8861;0;0;20;90;20;
19-11-2014 05:00:00;41962.20833333334;509;0;20.85;0;0;20;90;20;
19-11-2014 06:00:00;41962.25;509;0;20.85;0;0;20;90;20;
19-11-2014 07:00:00;41962.29166666666;509;1;20.8446;1;0;10;10;10;
19-11-2014 08:00:00;41962.33333333334;509;1;20.3825;1;0;10;90;30;
19-11-2014 09:00:00;41962.375;509;1;20.5032;1;61.6835;10;90;30;
19-11-2014 10:00:00;41962.41666666666;509;1;20.27;1;83.7823;30;90;30;
19-11-2014 11:00:00;41962.45833333334;509;1;20.2496;1;86.5094;50;90;30;
19-11-2014 12:00:00;41962.5;509;1;20.4837;1;94.2564;80;90;30;
19-11-2014 13:00:00;41962.54166666666;509;1;21.1429;1;79.2214;90;90;30;
19-11-2014 14:00:00;41962.58333333334;509;1;20.2612;1;110.437;90;90;30;
19-11-2014 15:00:00;41962.625;509;1;20.77;1;115.47;90;90;30;
19-11-2014 16:00:00;41962.66666666666;509;1;20.8951;1;37.736;50;90;30;
19-11-2014 17:00:00;41962.70833333334;509;1;20.9893;1;43.5206;50;90;30;
19-11-2014 18:00:00;41962.75;509;0;21.4088;0;0;40;90;30;
19-11-2014 19:00:00;41962.79166666666;509;0;21.3349;0;0;40;90;30;
19-11-2014 20:00:00;41962.83333333334;509;0;21.2411;0;0;40;90;30;
19-11-2014 21:00:00;41962.875;509;1;21.2026;1;0;10;90;30;
19-11-2014 22:00:00;41962.91666666666;509;1;20.4254;1;86.6841;40;90;30;
19-11-2014 23:00:00;41962.95833333334;509;0;21.05;0;0;30;90;30;
20-11-2014 00:00:00;41963;509;0;21.0892;0;0;30;90;30;
20-11-2014 01:00:00;41963.04166666666;509;0;21.05;0;0;30;90;30;
20-11-2014 02:00:00;41963.08333333334;509;0;21.03;0;0;30;90;30;
20-11-2014 03:00:00;41963.125;509;0;20.97;0;0;30;90;30;
20-11-2014 04:00:00;41963.16666666666;509;0;20.93;0;0;30;90;30;
20-11-2014 05:00:00;41963.20833333334;509;0;20.9047;0;0;30;90;30;
20-11-2014 06:00:00;41963.25;509;0;20.903;0;0;30;90;30;
20-11-2014 07:00:00;41963.29166666666;509;0;20.8706;0;0;30;0;0;
20-11-2014 08:00:00;41963.33333333334;509;1;20.77;1;0;10;0;10;
20-11-2014 09:00:00;41963.375;509;1;20.2839;1;75.2534;30;0;10;
20-11-2014 10:00:00;41963.41666666666;509;1;21.0316;1;14.3194;10;0;10;
20-11-2014 11:00:00;41963.45833333334;509;1;20.7736;1;79.3896;90;0;10;
20-11-2014 12:00:00;41963.5;509;1;20.5036;1;103.695;80;0;10;
20-11-2014 13:00:00;41963.54166666666;509;1;21.2383;1;94.0571;80;0;10;
20-11-2014 14:00:00;41963.58333333334;509;1;21.0402;1;105.976;50;0;10;
20-11-2014 15:00:00;41963.625;509;1;20.69;1;64.7997;90;0;10;
20-11-2014 16:00:00;41963.66666666666;509;1;21.3123;1;35.651;90;0;10;
20-11-2014 17:00:00;41963.70833333334;509;0;21.4828;0;0;55;0;10;
20-11-2014 18:00:00;41963.75;509;0;21.47;0;0;55;0;10;
20-11-2014 19:00:00;41963.79166666666;509;0;21.3615;0;0;55;0;10;
20-11-2014 20:00:00;41963.83333333334;509;0;21.2957;0;0;55;0;10;
20-11-2014 21:00:00;41963.875;509;0;21.2456;0;0;55;0;10;
20-11-2014 22:00:00;41963.91666666666;509;0;21.21;0;0;55;0;10;
20-11-2014 23:00:00;41963.95833333334;509;0;21.13;0;0;55;0;10;
21-11-2014 00:00:00;41964;509;0;21.11;0;0;55;0;10;
21-11-2014 01:00:00;41964.04166666666;509;0;21.07;0;0;55;0;10;
21-11-2014 02:00:00;41964.08333333334;509;0;21.04;0;0;55;0;10;
21-11-2014 03:00:00;41964.125;509;0;20.99;0;0;55;0;10;
21-11-2014 04:00:00;41964.16666666666;509;0;20.9635;0;0;55;0;10;
21-11-2014 05:00:00;41964.20833333334;509;0;20.93;0;0;55;0;10;
21-11-2014 06:00:00;41964.25;509;0;20.908;0;0;55;0;10;
21-11-2014 07:00:00;41964.29166666666;509;0;20.8896;0;0;55;0;10;
21-11-2014 08:00:00;41964.33333333334;509;1;20.8531;1;0;10;0;10;
21-11-2014 09:00:00;41964.375;509;1;20.3442;1;61.0913;30;0;0;
21-11-2014 10:00:00;41964.41666666666;509;1;20.6643;1;0;10;0;0;
21-11-2014 11:00:00;41964.45833333334;509;1;20.65;1;61.4939;30;0;0;
21-11-2014 12:00:00;41964.5;509;1;20.8512;1;72.1575;10;0;0;
21-11-2014 13:00:00;41964.54166666666;509;1;20.9632;1;90.7285;30;0;0;
21-11-2014 14:00:00;41964.58333333334;509;1;20.9389;1;69.9854;30;0;0;
21-11-2014 15:00:00;41964.625;509;1;20.9221;1;97.2453;10;0;0;
21-11-2014 16:00:00;41964.66666666666;509;1;20.6426;1;84.6014;30;0;0;
21-11-2014 17:00:00;41964.70833333334;509;0;20.7986;0;0;30;0;0;
21-11-2014 18:00:00;41964.75;509;0;21.3416;0;0;30;0;0;
21-11-2014 19:00:00;41964.79166666666;509;0;21.2419;0;0;30;0;0;
21-11-2014 20:00:00;41964.83333333334;509;0;21.25;0;0;30;0;0;
21-11-2014 21:00:00;41964.875;509;0;21.2085;0;0;30;0;0;
21-11-2014 22:00:00;41964.91666666666;509;0;21.1493;0;0;30;0;0;
21-11-2014 23:00:00;41964.95833333334;509;0;21.1131;0;0;30;0;0;
22-11-2014 00:00:00;41965;509;0;21.0647;0;0;30;0;0;
22-11-2014 01:00:00;41965.04166666666;509;0;21.0372;0;0;30;0;0;
22-11-2014 02:00:00;41965.08333333334;509;0;21.0101;0;0;30;0;0;
22-11-2014 03:00:00;41965.125;509;0;20.95;0;0;30;0;0;
22-11-2014 04:00:00;41965.16666666666;509;0;20.95;0;0;30;0;0;
22-11-2014 05:00:00;41965.20833333334;509;0;20.93;0;0;30;0;0;
22-11-2014 06:00:00;41965.25;509;0;20.89;0;0;30;0;0;
22-11-2014 07:00:00;41965.29166666666;509;0;20.9269;0;0;30;0;0;
22-11-2014 08:00:00;41965.33333333334;509;0;20.8864;0;0;30;0;0;
22-11-2014 09:00:00;41965.375;509;0;20.8761;0;0;30;0;0;
22-11-2014 10:00:00;41965.41666666666;509;0;20.9016;0;0;30;0;0;
22-11-2014 11:00:00;41965.45833333334;509;0;21.008;0;0;30;0;0;
22-11-2014 12:00:00;41965.5;509;0;21.143;0;0;30;0;0;
22-11-2014 13:00:00;41965.54166666666;509;0;21.2854;0;0;30;0;0;
22-11-2014 14:00:00;41965.58333333334;509;0;21.4241;0;0;30;0;0;
22-11-2014 15:00:00;41965.625;509;0;21.3688;0;0;30;0;0;
22-11-2014 16:00:00;41965.66666666666;509;0;21.31;0;0;0;0;0;
22-11-2014 17:00:00;41965.70833333334;509;0;21.21;0;0;0;0;0;
22-11-2014 18:00:00;41965.75;509;0;21.1643;0;0;0;0;0;
22-11-2014 19:00:00;41965.79166666666;509;0;21.0978;0;0;0;0;0;
22-11-2014 20:00:00;41965.83333333334;509;0;21.05;0;0;0;0;0;
22-11-2014 21:00:00;41965.875;509;0;21.0065;0;0;0;0;0;
22-11-2014 22:00:00;41965.91666666666;509;0;20.97;0;0;0;0;0;
22-11-2014 23:00:00;41965.95833333334;509;0;20.95;0;0;0;0;0;
23-11-2014 00:00:00;41966;509;0;20.93;0;0;0;0;0;
23-11-2014 01:00:00;41966.04166666666;509;0;20.9281;0;0;0;0;0;
23-11-2014 02:00:00;41966.08333333334;509;0;20.921;0;0;0;0;0;
23-11-2014 03:00:00;41966.125;509;0;20.8787;0;0;0;0;0;
23-11-2014 04:00:00;41966.16666666666;509;0;20.87;0;0;0;0;0;
23-11-2014 05:00:00;41966.20833333334;509;0;20.85;0;0;0;0;0;
23-11-2014 06:00:00;41966.25;509;0;20.83;0;0;0;0;0;
23-11-2014 07:00:00;41966.29166666666;509;0;20.7905;0;0;0;0;0;
23-11-2014 08:00:00;41966.33333333334;509;0;20.772;0;0;0;0;0;
23-11-2014 09:00:00;41966.375;509;0;20.806;0;0;0;0;0;
23-11-2014 10:00:00;41966.41666666666;509;0;20.8161;0;0;0;0;0;
23-11-2014 11:00:00;41966.45833333334;509;0;20.9017;0;0;0;0;0;
23-11-2014 12:00:00;41966.5;509;0;21.0094;0;0;0;0;0;
23-11-2014 13:00:00;41966.54166666666;509;0;21.0618;0;0;0;0;0;
23-11-2014 14:00:00;41966.58333333334;509;0;21.05;0;0;0;0;0;
23-11-2014 15:00:00;41966.625;509;0;21.05;0;0;0;0;0;
23-11-2014 16:00:00;41966.66666666666;509;0;21.0683;0;0;0;0;0;
23-11-2014 17:00:00;41966.70833333334;509;0;21.03;0;0;0;0;0;
23-11-2014 18:00:00;41966.75;509;0;20.9264;0;0;0;0;0;
23-11-2014 19:00:00;41966.79166666666;509;0;20.8963;0;0;0;0;0;
23-11-2014 20:00:00;41966.83333333334;509;0;20.89;0;0;0;0;0;
23-11-2014 21:00:00;41966.875;509;0;20.83;0;0;0;0;0;
23-11-2014 22:00:00;41966.91666666666;509;0;20.79;0;0;0;0;0;
23-11-2014 23:00:00;41966.95833333334;509;0;20.75;0;0;0;0;0;
24-11-2014 00:00:00;41967;509;0;20.7073;0;0;0;0;0;
24-11-2014 01:00:00;41967.04166666666;509;0;20.65;0;0;0;0;0;
24-11-2014 02:00:00;41967.08333333334;509;0;20.61;0;0;0;0;0;
24-11-2014 03:00:00;41967.125;509;0;20.5989;0;0;0;0;0;
24-11-2014 04:00:00;41967.16666666666;509;0;20.59;0;0;0;0;0;
24-11-2014 05:00:00;41967.20833333334;509;0;20.59;0;0;0;0;0;
24-11-2014 06:00:00;41967.25;509;0;20.564;0;0;0;0;0;
24-11-2014 07:00:00;41967.29166666666;509;1;20.5741;1;0;10;10;20;
24-11-2014 08:00:00;41967.33333333334;509;0;20.4367;0;0;30;90;40;
24-11-2014 09:00:00;41967.375;509;1;20.67;1;0;10;90;10;
24-11-2014 10:00:00;41967.41666666666;509;1;20.0937;1;69.0482;10;90;20;
24-11-2014 11:00:00;41967.45833333334;509;1;20.3516;1;82.5727;30;90;10;
24-11-2014 12:00:00;41967.5;509;1;20.4926;1;84.0989;50;90;10;
24-11-2014 13:00:00;41967.54166666666;509;1;21.4144;1;61.5428;50;90;10;
24-11-2014 14:00:00;41967.58333333334;509;1;21.8572;1;56.5122;90;90;10;
24-11-2014 15:00:00;41967.625;509;1;20.5324;1;120.79;90;90;10;
24-11-2014 16:00:00;41967.66666666666;509;1;21.1378;1;125.363;50;90;10;
24-11-2014 17:00:00;41967.70833333334;509;1;21.3948;1;5.04746;80;10;10;
24-11-2014 18:00:00;41967.75;509;1;20.7116;1;108.863;40;90;10;
24-11-2014 19:00:00;41967.79166666666;509;1;20.2947;1;137.71;30;90;10;
24-11-2014 20:00:00;41967.83333333334;509;0;21.1524;0;0.810353;30;90;10;
24-11-2014 21:00:00;41967.875;509;0;21.37;0;0;30;90;10;
24-11-2014 22:00:00;41967.91666666666;509;0;21.2248;0;0;30;90;10;
24-11-2014 23:00:00;41967.95833333334;509;0;21.1033;0;0;30;90;10;
25-11-2014 00:00:00;41968;509;0;21.17;0;0;30;90;10;
25-11-2014 01:00:00;41968.04166666666;509;0;21.07;0;0;30;90;10;
25-11-2014 02:00:00;41968.08333333334;509;0;20.97;0;0;30;90;10;
25-11-2014 03:00:00;41968.125;509;0;20.91;0;0;30;90;10;
25-11-2014 04:00:00;41968.16666666666;509;0;20.8727;0;0;30;90;10;
25-11-2014 05:00:00;41968.20833333334;509;0;20.83;0;0;30;90;10;
25-11-2014 06:00:00;41968.25;509;0;20.7975;0;0;30;90;10;
25-11-2014 07:00:00;41968.29166666666;509;0;20.7602;0;0;30;90;10;
25-11-2014 08:00:00;41968.33333333334;509;1;20.7577;1;0;10;90;10;
25-11-2014 09:00:00;41968.375;509;1;20.17;1;75.9991;30;90;10;
25-11-2014 10:00:00;41968.41666666666;509;1;20.913;1;0;10;90;20;
25-11-2014 11:00:00;41968.45833333334;509;1;20.5921;1;94.4883;90;90;20;
25-11-2014 12:00:00;41968.5;509;1;21.7082;1;85.7519;50;90;20;
25-11-2014 13:00:00;41968.54166666666;509;1;21.4911;1;38.0979;50;90;20;
25-11-2014 14:00:00;41968.58333333334;509;1;21.1179;1;92.0166;80;90;20;
25-11-2014 15:00:00;41968.625;509;1;21.6441;1;46.2452;50;90;20;
25-11-2014 16:00:00;41968.66666666666;509;1;21.804;1;39.2072;45;90;20;
25-11-2014 17:00:00;41968.70833333334;509;1;21.8189;1;21.6365;55;0;20;
25-11-2014 18:00:00;41968.75;509;1;21.4775;1;52.5956;50;0;20;
25-11-2014 19:00:00;41968.79166666666;509;1;21.5879;1;0;10;0;20;
25-11-2014 20:00:00;41968.83333333334;509;0;21.0715;0;0;30;0;20;
25-11-2014 21:00:00;41968.875;509;0;21.37;0;0;30;0;20;
25-11-2014 22:00:00;41968.91666666666;509;0;21.2754;0;0;30;0;20;
25-11-2014 23:00:00;41968.95833333334;509;0;21.2004;0;0;30;0;20;
26-11-2014 00:00:00;41969;509;0;21.1224;0;0;30;0;20;
26-11-2014 01:00:00;41969.04166666666;509;0;21.0814;0;0;30;0;20;
26-11-2014 02:00:00;41969.08333333334;509;0;20.9979;0;0;30;0;20;
26-11-2014 03:00:00;41969.125;509;0;20.97;0;0;30;0;20;
26-11-2014 04:00:00;41969.16666666666;509;0;20.9309;0;0;30;0;20;
26-11-2014 05:00:00;41969.20833333334;509;0;20.929;0;0;30;0;20;
26-11-2014 06:00:00;41969.25;509;0;20.8531;0;0;30;0;20;
26-11-2014 07:00:00;41969.29166666666;509;0;20.87;0;0;30;0;20;
26-11-2014 08:00:00;41969.33333333334;509;1;20.77;1;0;10;0;20;
26-11-2014 09:00:00;41969.375;509;1;20.5297;1;71.4468;10;0;0;
26-11-2014 10:00:00;41969.41666666666;509;1;20.383;1;47.4166;30;0;0;
26-11-2014 11:00:00;41969.45833333334;509;1;20.5335;1;95.0093;50;0;0;
26-11-2014 12:00:00;41969.5;509;1;20.6037;1;99.828;50;0;0;
26-11-2014 13:00:00;41969.54166666666;509;1;21.5697;1;29.854;40;0;0;
26-11-2014 14:00:00;41969.58333333334;509;1;21.0707;1;88.3062;80;0;0;
26-11-2014 15:00:00;41969.625;509;1;21.2763;1;88.2844;90;0;0;
26-11-2014 16:00:00;41969.66666666666;509;1;20.9609;1;89.5842;45;0;0;
26-11-2014 17:00:00;41969.70833333334;509;1;21.2912;1;78.2714;45;0;0;
26-11-2014 18:00:00;41969.75;509;1;20.9136;1;91.5925;45;0;0;
26-11-2014 19:00:00;41969.79166666666;509;1;21.0322;1;73.744;30;0;0;
26-11-2014 20:00:00;41969.83333333334;509;0;21.4139;0;0;30;0;0;
26-11-2014 21:00:00;41969.875;509;0;21.3683;0;0;30;0;0;
26-11-2014 22:00:00;41969.91666666666;509;0;21.19;0;0;30;0;0;
26-11-2014 23:00:00;41969.95833333334;509;0;21.2071;0;0;30;0;0;
27-11-2014 00:00:00;41970;509;0;21.1345;0;0;30;0;0;
27-11-2014 01:00:00;41970.04166666666;509;0;21.07;0;0;30;0;0;
27-11-2014 02:00:00;41970.08333333334;509;0;20.99;0;0;30;0;0;
27-11-2014 03:00:00;41970.125;509;0;20.9775;0;0;30;0;0;
27-11-2014 04:00:00;41970.16666666666;509;0;20.95;0;0;30;0;0;
27-11-2014 05:00:00;41970.20833333334;509;0;20.9478;0;0;30;0;0;
27-11-2014 06:00:00;41970.25;509;0;20.9119;0;0;30;0;0;
27-11-2014 07:00:00;41970.29166666666;509;0;20.8859;0;0;30;0;0;
27-11-2014 08:00:00;41970.33333333334;509;1;20.87;1;0;10;0;0;
27-11-2014 09:00:00;41970.375;509;1;20.3201;1;71.4521;30;0;0;
27-11-2014 10:00:00;41970.41666666666;509;1;20.1287;1;89.8766;10;0;0;
27-11-2014 11:00:00;41970.45833333334;509;1;20.8192;1;80.0292;50;0;0;
27-11-2014 12:00:00;41970.5;509;1;20.5111;1;84.5518;50;0;0;
27-11-2014 13:00:00;41970.54166666666;509;1;21.7557;1;62.7637;45;0;0;
27-11-2014 14:00:00;41970.58333333334;509;1;21.5987;1;0;10;0;0;
27-11-2014 15:00:00;41970.625;509;1;20.8552;1;0;10;0;0;
27-11-2014 16:00:00;41970.66666666666;509;1;20.9124;1;108.725;90;0;0;
27-11-2014 17:00:00;41970.70833333334;509;1;21.4972;1;33.2149;45;10;0;
27-11-2014 18:00:00;41970.75;509;1;22.0568;1;25.7742;45;90;0;
27-11-2014 19:00:00;41970.79166666666;509;1;21.4203;1;35.7063;30;90;0;
27-11-2014 20:00:00;41970.83333333334;509;1;21.3076;1;0;45;90;0;
27-11-2014 21:00:00;41970.875;509;0;21.1854;0;5.16621;40;90;0;
27-11-2014 22:00:00;41970.91666666666;509;0;21.3278;0;0;40;90;0;
27-11-2014 23:00:00;41970.95833333334;509;0;21.23;0;0;40;90;0;
28-11-2014 00:00:00;41971;509;0;21.15;0;0;40;90;0;
28-11-2014 01:00:00;41971.04166666666;509;0;21.0969;0;0;40;90;0;
28-11-2014 02:00:00;41971.08333333334;509;0;21.0603;0;0;40;90;0;
28-11-2014 03:00:00;41971.125;509;0;21.0414;0;0;40;90;0;
28-11-2014 04:00:00;41971.16666666666;509;0;21.0158;0;0;40;90;0;
28-11-2014 05:00:00;41971.20833333334;509;0;20.97;0;0;40;90;0;
28-11-2014 06:00:00;41971.25;509;0;20.9542;0;0;40;90;0;
28-11-2014 07:00:00;41971.29166666666;509;1;20.8673;1;0;10;90;0;
28-11-2014 08:00:00;41971.33333333334;509;1;20.5828;1;84.5369;10;90;0;
28-11-2014 09:00:00;41971.375;509;1;20.3875;1;60.5097;30;90;0;
28-11-2014 10:00:00;41971.41666666666;509;1;20.57;1;63.1328;30;90;0;
28-11-2014 11:00:00;41971.45833333334;509;1;20.8388;1;43.1156;30;90;0;
28-11-2014 12:00:00;41971.5;509;1;20.8962;1;86.5122;30;90;0;
28-11-2014 13:00:00;41971.54166666666;509;0;21.3397;0;0;30;90;0;
28-11-2014 14:00:00;41971.58333333334;509;1;21.33;1;0;10;90;0;
28-11-2014 15:00:00;41971.625;509;1;20.5183;1;76.2875;30;90;0;
28-11-2014 16:00:00;41971.66666666666;509;1;20.5719;1;75.7518;10;90;0;
28-11-2014 17:00:00;41971.70833333334;509;1;20.8305;1;52.0298;30;90;0;
28-11-2014 18:00:00;41971.75;509;0;21.2457;0;0;30;0;0;
28-11-2014 19:00:00;41971.79166666666;509;0;21.3257;0;0;30;0;0;
28-11-2014 20:00:00;41971.83333333334;509;0;21.3164;0;0;30;0;0;
28-11-2014 21:00:00;41971.875;509;0;21.25;0;0;30;0;0;
28-11-2014 22:00:00;41971.91666666666;509;0;21.1899;0;0;30;0;0;
28-11-2014 23:00:00;41971.95833333334;509;0;21.15;0;0;30;0;0;
29-11-2014 00:00:00;41972;509;0;21.09;0;0;30;0;0;
29-11-2014 01:00:00;41972.04166666666;509;0;21.0653;0;0;30;0;0;
29-11-2014 02:00:00;41972.08333333334;509;0;21.03;0;0;30;0;0;
29-11-2014 03:00:00;41972.125;509;0;20.9711;0;0;30;0;0;
29-11-2014 04:00:00;41972.16666666666;509;0;20.95;0;0;30;0;0;
29-11-2014 05:00:00;41972.20833333334;509;0;20.9147;0;0;30;0;0;
29-11-2014 06:00:00;41972.25;509;0;20.8834;0;0;30;0;0;
29-11-2014 07:00:00;41972.29166666666;509;0;20.8421;0;0;30;0;0;
29-11-2014 08:00:00;41972.33333333334;509;0;20.79;0;0;30;0;0;
29-11-2014 09:00:00;41972.375;509;0;20.77;0;0;30;0;0;
29-11-2014 10:00:00;41972.41666666666;509;0;20.77;0;0;30;0;0;
29-11-2014 11:00:00;41972.45833333334;509;0;20.87;0;0;30;0;0;
29-11-2014 12:00:00;41972.5;509;0;20.9532;0;0;30;0;0;
29-11-2014 13:00:00;41972.54166666666;509;0;21.0312;0;0;30;0;0;
29-11-2014 14:00:00;41972.58333333334;509;0;21.09;0;0;30;0;0;
29-11-2014 15:00:00;41972.625;509;0;21.11;0;0;30;0;0;
29-11-2014 16:00:00;41972.66666666666;509;0;21.0354;0;0;30;0;0;
29-11-2014 17:00:00;41972.70833333334;509;0;20.9565;0;0;0;0;0;
29-11-2014 18:00:00;41972.75;509;0;20.9384;0;0;0;0;0;
29-11-2014 19:00:00;41972.79166666666;509;0;20.89;0;0;0;0;0;
29-11-2014 20:00:00;41972.83333333334;509;0;20.8623;0;0;0;0;0;
29-11-2014 21:00:00;41972.875;509;0;20.8359;0;0;0;0;0;
29-11-2014 22:00:00;41972.91666666666;509;0;20.79;0;0;0;0;0;
29-11-2014 23:00:00;41972.95833333334;509;0;20.7667;0;0;0;0;0;
30-11-2014 00:00:00;41973;509;0;20.75;0;0;0;0;0;
30-11-2014 01:00:00;41973.04166666666;509;0;20.7488;0;0;0;0;0;
30-11-2014 02:00:00;41973.08333333334;509;0;20.69;0;0;0;0;0;
30-11-2014 03:00:00;41973.125;509;0;20.6788;0;0;0;0;0;
30-11-2014 04:00:00;41973.16666666666;509;0;20.65;0;0;0;0;0;
30-11-2014 05:00:00;41973.20833333334;509;0;20.6378;0;0;0;0;0;
30-11-2014 06:00:00;41973.25;509;0;20.6239;0;0;0;0;0;
30-11-2014 07:00:00;41973.29166666666;509;0;20.61;0;0;0;0;0;
30-11-2014 08:00:00;41973.33333333334;509;0;20.59;0;0;0;0;0;
30-11-2014 09:00:00;41973.375;509;0;20.5687;0;0;0;0;0;
30-11-2014 10:00:00;41973.41666666666;509;0;20.5505;0;0;0;0;0;
30-11-2014 11:00:00;41973.45833333334;509;0;20.5677;0;0;0;0;0;
30-11-2014 12:00:00;41973.5;509;0;20.5655;0;0;0;0;0;
30-11-2014 13:00:00;41973.54166666666;509;0;20.55;0;0;0;0;0;
30-11-2014 14:00:00;41973.58333333334;509;0;20.55;0;0;0;0;0;
30-11-2014 15:00:00;41973.625;509;0;20.53;0;0;0;0;0;
30-11-2014 16:00:00;41973.66666666666;509;0;20.3996;0;0;0;0;0;
30-11-2014 17:00:00;41973.70833333334;509;0;20.2786;0;0;0;0;0;
30-11-2014 18:00:00;41973.75;509;0;20.25;0;0;0;0;0;
30-11-2014 19:00:00;41973.79166666666;509;0;20.25;0;0;0;0;0;
30-11-2014 20:00:00;41973.83333333334;509;0;20.25;0;0;0;0;0;
30-11-2014 21:00:00;41973.875;509;0;20.27;0;0;0;0;0;
30-11-2014 22:00:00;41973.91666666666;509;0;20.2705;0;0;0;0;0;
30-11-2014 23:00:00;41973.95833333334;509;0;20.2891;0;0;0;0;0;
01-12-2014 00:00:00;41974;509;0;20.2878;0;0;0;0;0;
01-12-2014 01:00:00;41974.04166666666;509;0;20.29;0;0;0;0;0;
01-12-2014 02:00:00;41974.08333333334;509;0;20.2799;0;0;0;0;0;
01-12-2014 03:00:00;41974.125;509;0;20.29;0;0;0;0;0;
01-12-2014 04:00:00;41974.16666666666;509;0;20.2767;0;0;0;0;0;
01-12-2014 05:00:00;41974.20833333334;509;0;20.29;0;0;0;0;0;
01-12-2014 06:00:00;41974.25;509;0;20.27;0;0;0;0;0;
01-12-2014 07:00:00;41974.29166666666;509;1;20.2681;1;0;10;10;10;
01-12-2014 08:00:00;41974.33333333334;509;1;20.1312;1;0;10;10;10;
01-12-2014 09:00:00;41974.375;509;1;19.6966;1;98.6881;30;90;50;
01-12-2014 10:00:00;41974.41666666666;509;1;20.0455;1;82.2726;10;80;70;
01-12-2014 11:00:00;41974.45833333334;509;1;20.57;1;80.036;50;80;60;
01-12-2014 12:00:00;41974.5;509;1;20.6407;1;0;10;80;60;
01-12-2014 13:00:00;41974.54166666666;509;1;20.9515;1;99.1203;80;80;60;
01-12-2014 14:00:00;41974.58333333334;509;1;21.319;1;98.2142;90;80;60;
01-12-2014 15:00:00;41974.625;509;1;21.1412;1;103.454;60;80;60;
01-12-2014 16:00:00;41974.66666666666;509;1;21.3715;1;92.2672;90;80;60;
01-12-2014 17:00:00;41974.70833333334;509;1;20.8698;1;77.2582;50;80;60;
01-12-2014 18:00:00;41974.75;509;1;21.05;1;18.9931;10;80;60;
01-12-2014 19:00:00;41974.79166666666;509;1;20.8359;1;82.444;30;80;60;
01-12-2014 20:00:00;41974.83333333334;509;1;20.6791;1;89.011;30;80;60;
01-12-2014 21:00:00;41974.875;509;1;21.03;1;0;10;80;60;
01-12-2014 22:00:00;41974.91666666666;509;1;20.4447;1;77.3563;30;80;60;
